,name,id,link
0,A. Seymour Brown,ba9ffe2e-6cfd-4c17-bb4a-8e57895c5789,https://levy-test.mse.jhu.edu/jsonapi/taxonomy_term/creator_r/ba9ffe2e-6cfd-4c17-bb4a-8e57895c5789
1,A. Willemetz,215b8096-2128-409e-9383-3109a468c60e,https://levy-test.mse.jhu.edu/jsonapi/taxonomy_term/creator_r/215b8096-2128-409e-9383-3109a468c60e
2,A.G. Delamater,ba593f39-5dd8-4298-938f-cd9ea1ac4e2a,https://levy-test.mse.jhu.edu/jsonapi/taxonomy_term/creator_r/ba593f39-5dd8-4298-938f-cd9ea1ac4e2a
3,Adrian Ross,c5680332-05b7-4129-8e11-6a8eb0c935a4,https://levy-test.mse.jhu.edu/jsonapi/taxonomy_term/creator_r/c5680332-05b7-4129-8e11-6a8eb0c935a4
4,Albert Stillman,80dc4abf-b93a-46f1-a03d-2174c87b861d,https://levy-test.mse.jhu.edu/jsonapi/taxonomy_term/creator_r/80dc4abf-b93a-46f1-a03d-2174c87b861d
5,Alf. J. Lawrence,24c4308b-9b37-4380-bd90-e798aa4ce7ea,https://levy-test.mse.jhu.edu/jsonapi/taxonomy_term/creator_r/24c4308b-9b37-4380-bd90-e798aa4ce7ea
6,Alfred Bryan,dcdba945-fa0f-4110-b87e-85fe31f193cc,https://levy-test.mse.jhu.edu/jsonapi/taxonomy_term/creator_r/dcdba945-fa0f-4110-b87e-85fe31f193cc
7,Alice Duer Miller,6eb3d2fb-2e03-4a29-960d-3eeff25f818b,https://levy-test.mse.jhu.edu/jsonapi/taxonomy_term/creator_r/6eb3d2fb-2e03-4a29-960d-3eeff25f818b
8,Andrew B. Sterling,2ecb20fd-e8db-413f-9ec1-86f5b5b6713d,https://levy-test.mse.jhu.edu/jsonapi/taxonomy_term/creator_r/2ecb20fd-e8db-413f-9ec1-86f5b5b6713d
9,Anne Caldwell,881a3d6e-2f89-4b3d-b3f9-e02544ced957,https://levy-test.mse.jhu.edu/jsonapi/taxonomy_term/creator_r/881a3d6e-2f89-4b3d-b3f9-e02544ced957
10,Arthur Fields,f3230a48-596f-46a1-af41-1e063d7a9224,https://levy-test.mse.jhu.edu/jsonapi/taxonomy_term/creator_r/f3230a48-596f-46a1-af41-1e063d7a9224
11,Arthur Freed,87ea9eac-fc38-48f2-b683-0e4c83313323,https://levy-test.mse.jhu.edu/jsonapi/taxonomy_term/creator_r/87ea9eac-fc38-48f2-b683-0e4c83313323
12,Arthur Hammerstein,5fe95bdd-4865-4e93-995f-e05d2b753f4b,https://levy-test.mse.jhu.edu/jsonapi/taxonomy_term/creator_r/5fe95bdd-4865-4e93-995f-e05d2b753f4b
13,Arthur Jackson,7aa4284d-e9ce-4509-9360-58c97c8a7d94,https://levy-test.mse.jhu.edu/jsonapi/taxonomy_term/creator_r/7aa4284d-e9ce-4509-9360-58c97c8a7d94
14,Arthur Pinero,950d8880-2885-4a11-9d40-6d779dfa3fd3,https://levy-test.mse.jhu.edu/jsonapi/taxonomy_term/creator_r/950d8880-2885-4a11-9d40-6d779dfa3fd3
15,B.G. De Sylva,72cadec8-ecd8-48a5-9a4b-062eba7d4c1e,https://levy-test.mse.jhu.edu/jsonapi/taxonomy_term/creator_r/72cadec8-ecd8-48a5-9a4b-062eba7d4c1e
16,Ballard Macdonald,e88dd2c3-47d1-40f3-9b5a-ae310245155d,https://levy-test.mse.jhu.edu/jsonapi/taxonomy_term/creator_r/e88dd2c3-47d1-40f3-9b5a-ae310245155d
17,Bernard Dougall,3d895ac4-f729-4d51-928a-d0fea85c0433,https://levy-test.mse.jhu.edu/jsonapi/taxonomy_term/creator_r/3d895ac4-f729-4d51-928a-d0fea85c0433
18,Bert Kalmar,0a3e2a2e-db5b-4414-b2b1-2cc6d1243496,https://levy-test.mse.jhu.edu/jsonapi/taxonomy_term/creator_r/0a3e2a2e-db5b-4414-b2b1-2cc6d1243496
19,Berton Braley,55a18d9a-074a-4fa7-9a99-9046a37f4bf2,https://levy-test.mse.jhu.edu/jsonapi/taxonomy_term/creator_r/55a18d9a-074a-4fa7-9a99-9046a37f4bf2
20,Bessie Mccoy,4fe6b26c-39fd-474a-a7e0-71dc847ab888,https://levy-test.mse.jhu.edu/jsonapi/taxonomy_term/creator_r/4fe6b26c-39fd-474a-a7e0-71dc847ab888
21,Billy Rose,e8ed3f60-d300-496b-92cb-f4cb102aa389,https://levy-test.mse.jhu.edu/jsonapi/taxonomy_term/creator_r/e8ed3f60-d300-496b-92cb-f4cb102aa389
22,Booth Tarkington,ca310083-38c8-431e-bb72-1339356095c5,https://levy-test.mse.jhu.edu/jsonapi/taxonomy_term/creator_r/ca310083-38c8-431e-bb72-1339356095c5
23,Brian Hooker,88800ae8-29d6-4034-a477-cb160848e6f5,https://levy-test.mse.jhu.edu/jsonapi/taxonomy_term/creator_r/88800ae8-29d6-4034-a477-cb160848e6f5
24,C.H. Bovill,5317db1b-ba90-486f-9060-c2ea49c7868b,https://levy-test.mse.jhu.edu/jsonapi/taxonomy_term/creator_r/5317db1b-ba90-486f-9060-c2ea49c7868b
25,Charles H. Taylor,2b239914-df52-40a8-9ff9-40f5214c9528,https://levy-test.mse.jhu.edu/jsonapi/taxonomy_term/creator_r/2b239914-df52-40a8-9ff9-40f5214c9528
26,Clarke & Leslie,50f64207-0ce9-4eeb-952e-3b0a97e7066e,https://levy-test.mse.jhu.edu/jsonapi/taxonomy_term/creator_r/50f64207-0ce9-4eeb-952e-3b0a97e7066e
27,Clifford Grey,3ccb9e17-3981-4cac-b0db-d7a9e6573d92,https://levy-test.mse.jhu.edu/jsonapi/taxonomy_term/creator_r/3ccb9e17-3981-4cac-b0db-d7a9e6573d92
28,Cole Porter,f1d7b2a0-1ef8-4106-b4cb-7c849ccd431e,https://levy-test.mse.jhu.edu/jsonapi/taxonomy_term/creator_r/f1d7b2a0-1ef8-4106-b4cb-7c849ccd431e
29,D. Eardley-Wilmot,675b7514-3412-405a-a8d1-dbfdafc4e921,https://levy-test.mse.jhu.edu/jsonapi/taxonomy_term/creator_r/675b7514-3412-405a-a8d1-dbfdafc4e921
30,Dabney & Europe,dc8fb293-f91b-455b-b261-2777dd8fa6ae,https://levy-test.mse.jhu.edu/jsonapi/taxonomy_term/creator_r/dc8fb293-f91b-455b-b261-2777dd8fa6ae
31,Desmond Carter,75e9a4b1-e839-472f-bd10-577cf8f3db18,https://levy-test.mse.jhu.edu/jsonapi/taxonomy_term/creator_r/75e9a4b1-e839-472f-bd10-577cf8f3db18
32,Dorothy Donnelly,ade5d711-827c-4c4b-9488-17a8f8983e9c,https://levy-test.mse.jhu.edu/jsonapi/taxonomy_term/creator_r/ade5d711-827c-4c4b-9488-17a8f8983e9c
33,Dorothy Fields,50a9069f-3d7c-4c9f-be63-671b3a14c0ac,https://levy-test.mse.jhu.edu/jsonapi/taxonomy_term/creator_r/50a9069f-3d7c-4c9f-be63-671b3a14c0ac
34,Dorothy Terriss,3a0af825-7b2e-4c9e-8868-2f7dee036dc2,https://levy-test.mse.jhu.edu/jsonapi/taxonomy_term/creator_r/3a0af825-7b2e-4c9e-8868-2f7dee036dc2
35,Du Bose Heyward,bc7f07da-e8fe-4df1-afc2-5cf95d99f36d,https://levy-test.mse.jhu.edu/jsonapi/taxonomy_term/creator_r/bc7f07da-e8fe-4df1-afc2-5cf95d99f36d
36,Dubose Heyward,c073213f-4ef3-463a-b845-ef72371cfcaf,https://levy-test.mse.jhu.edu/jsonapi/taxonomy_term/creator_r/c073213f-4ef3-463a-b845-ef72371cfcaf
37,Dudley Wilkinson,dba3239f-a2f3-4932-8800-9aa824a65644,https://levy-test.mse.jhu.edu/jsonapi/taxonomy_term/creator_r/dba3239f-a2f3-4932-8800-9aa824a65644
38,E. Ray Goetz,16a36178-6c12-43a5-9011-445d4193d589,https://levy-test.mse.jhu.edu/jsonapi/taxonomy_term/creator_r/16a36178-6c12-43a5-9011-445d4193d589
39,E.Y. Harburg,43684581-4545-496f-ac2d-01c4af86ceb7,https://levy-test.mse.jhu.edu/jsonapi/taxonomy_term/creator_r/43684581-4545-496f-ac2d-01c4af86ceb7
40,Earl Haubrich,ffa216fb-b60b-46c5-9e90-8d16d70dc9c6,https://levy-test.mse.jhu.edu/jsonapi/taxonomy_term/creator_r/ffa216fb-b60b-46c5-9e90-8d16d70dc9c6
41,Earle C. Jones,730cf15f-48d9-4af1-93db-2f4c8ff229d9,https://levy-test.mse.jhu.edu/jsonapi/taxonomy_term/creator_r/730cf15f-48d9-4af1-93db-2f4c8ff229d9
42,Edgar Allan Woolf,a28d30ff-c14b-4392-a37b-47737d92c1c9,https://levy-test.mse.jhu.edu/jsonapi/taxonomy_term/creator_r/a28d30ff-c14b-4392-a37b-47737d92c1c9
43,Edgar Leslie,ae5a21f0-2e60-4bb4-8213-3afc99410b7c,https://levy-test.mse.jhu.edu/jsonapi/taxonomy_term/creator_r/ae5a21f0-2e60-4bb4-8213-3afc99410b7c
44,Edward Laska,a84e554d-ee5a-4fdc-b926-f2f13f16374b,https://levy-test.mse.jhu.edu/jsonapi/taxonomy_term/creator_r/a84e554d-ee5a-4fdc-b926-f2f13f16374b
45,Edward Madden,70bc5b57-1ebd-48c2-ba54-0114ab4a1490,https://levy-test.mse.jhu.edu/jsonapi/taxonomy_term/creator_r/70bc5b57-1ebd-48c2-ba54-0114ab4a1490
46,Egbert Van Alstyne,f1993cab-f93a-4157-b1c9-593a476b0545,https://levy-test.mse.jhu.edu/jsonapi/taxonomy_term/creator_r/f1993cab-f93a-4157-b1c9-593a476b0545
47,Elsie Janis,0f7c0514-d5d3-4312-a2a3-ea8a8ea88db9,https://levy-test.mse.jhu.edu/jsonapi/taxonomy_term/creator_r/0f7c0514-d5d3-4312-a2a3-ea8a8ea88db9
48,Eugene West,0344fc63-4225-465c-88be-3c68f57576bf,https://levy-test.mse.jhu.edu/jsonapi/taxonomy_term/creator_r/0344fc63-4225-465c-88be-3c68f57576bf
49,F. Clifford Harris,6645fb7f-d41f-474b-ac6c-b9d82dc46871,https://levy-test.mse.jhu.edu/jsonapi/taxonomy_term/creator_r/6645fb7f-d41f-474b-ac6c-b9d82dc46871
50,Frank Craven,53b082ab-a404-4d3f-b9e6-8db9dd022638,https://levy-test.mse.jhu.edu/jsonapi/taxonomy_term/creator_r/53b082ab-a404-4d3f-b9e6-8db9dd022638
51,Frank Loesser,8c8d1f7c-ce3e-446b-ad8b-21c97dca5b7b,https://levy-test.mse.jhu.edu/jsonapi/taxonomy_term/creator_r/8c8d1f7c-ce3e-446b-ad8b-21c97dca5b7b
52,Franklin P. Adams,5a3a199d-370c-41a1-81a9-4e52afc10b64,https://levy-test.mse.jhu.edu/jsonapi/taxonomy_term/creator_r/5a3a199d-370c-41a1-81a9-4e52afc10b64
53,Fred E. Ahlert,d968fab2-1aed-47fb-ad01-8e28f39a7c75,https://levy-test.mse.jhu.edu/jsonapi/taxonomy_term/creator_r/d968fab2-1aed-47fb-ad01-8e28f39a7c75
54,Fred Ebb,0fa8341a-69a5-4a3b-be68-c73ef264fa34,https://levy-test.mse.jhu.edu/jsonapi/taxonomy_term/creator_r/0fa8341a-69a5-4a3b-be68-c73ef264fa34
55,Fred Ziemer,227e8022-9545-4b20-a23a-af069c5d1d45,https://levy-test.mse.jhu.edu/jsonapi/taxonomy_term/creator_r/227e8022-9545-4b20-a23a-af069c5d1d45
56,Frederick Day,e2818c2a-7fde-44bd-94cd-74cf04d98b07,https://levy-test.mse.jhu.edu/jsonapi/taxonomy_term/creator_r/e2818c2a-7fde-44bd-94cd-74cf04d98b07
57,Gene Buck,c4d97d5e-4f49-444e-9e24-654ec437cf5f,https://levy-test.mse.jhu.edu/jsonapi/taxonomy_term/creator_r/c4d97d5e-4f49-444e-9e24-654ec437cf5f
58,Gene De Paul,dc1dd78c-4869-4076-b37a-4a4cf6b37c47,https://levy-test.mse.jhu.edu/jsonapi/taxonomy_term/creator_r/dc1dd78c-4869-4076-b37a-4a4cf6b37c47
59,Geo. Graff Jr.,f83b68e1-bf56-4bc7-bdda-dfd6ee6a9f85,https://levy-test.mse.jhu.edu/jsonapi/taxonomy_term/creator_r/f83b68e1-bf56-4bc7-bdda-dfd6ee6a9f85
60,Geo. Grossmith Jr.,df4f77cc-500b-4a38-8fe4-e241942f5cff,https://levy-test.mse.jhu.edu/jsonapi/taxonomy_term/creator_r/df4f77cc-500b-4a38-8fe4-e241942f5cff
61,George Arthurs,9bbb8e83-ab2f-441a-aace-92e2aa8852af,https://levy-test.mse.jhu.edu/jsonapi/taxonomy_term/creator_r/9bbb8e83-ab2f-441a-aace-92e2aa8852af
62,George Grossmith,61025367-76fa-4ebd-abb7-6297bb907bee,https://levy-test.mse.jhu.edu/jsonapi/taxonomy_term/creator_r/61025367-76fa-4ebd-abb7-6297bb907bee
63,George M. Cohan,98562d69-4676-498f-ad46-1440d748b1fe,https://levy-test.mse.jhu.edu/jsonapi/taxonomy_term/creator_r/98562d69-4676-498f-ad46-1440d748b1fe
64,George V. Hobart,dc07141d-7792-4f10-ad62-3433bfa46289,https://levy-test.mse.jhu.edu/jsonapi/taxonomy_term/creator_r/dc07141d-7792-4f10-ad62-3433bfa46289
65,George Whiting,6430285e-e7c1-432b-808d-00d4f5c629b3,https://levy-test.mse.jhu.edu/jsonapi/taxonomy_term/creator_r/6430285e-e7c1-432b-808d-00d4f5c629b3
66,Graham John,b66b300c-5d00-4e13-9d98-34359abd012c,https://levy-test.mse.jhu.edu/jsonapi/taxonomy_term/creator_r/b66b300c-5d00-4e13-9d98-34359abd012c
67,Grant Clarke,6cf6ee46-8b31-4155-b711-289e5cfaf91a,https://levy-test.mse.jhu.edu/jsonapi/taxonomy_term/creator_r/6cf6ee46-8b31-4155-b711-289e5cfaf91a
68,Gus Edwards,7c28981c-4c8b-4676-8b22-301665770caa,https://levy-test.mse.jhu.edu/jsonapi/taxonomy_term/creator_r/7c28981c-4c8b-4676-8b22-301665770caa
69,Gus Kahn,4c26504e-69a5-45f8-8d32-c07c15ea62e2,https://levy-test.mse.jhu.edu/jsonapi/taxonomy_term/creator_r/4c26504e-69a5-45f8-8d32-c07c15ea62e2
70,Guy Bolton,2f4591cb-6919-4dc1-8f76-b4f5c6015919,https://levy-test.mse.jhu.edu/jsonapi/taxonomy_term/creator_r/2f4591cb-6919-4dc1-8f76-b4f5c6015919
71,Harold Atteridge,541fc568-47f1-404a-ada9-5cfd63d6361b,https://levy-test.mse.jhu.edu/jsonapi/taxonomy_term/creator_r/541fc568-47f1-404a-ada9-5cfd63d6361b
72,Harold Robe,10c916c6-cf8a-4340-9201-d851536d4363,https://levy-test.mse.jhu.edu/jsonapi/taxonomy_term/creator_r/10c916c6-cf8a-4340-9201-d851536d4363
73,Harry Akst,41dee65a-4faf-425e-a2af-ea0999a5d3db,https://levy-test.mse.jhu.edu/jsonapi/taxonomy_term/creator_r/41dee65a-4faf-425e-a2af-ea0999a5d3db
74,Harry B. Smith,4d099990-53ae-4fc1-b0a0-eb04e305a2d8,https://levy-test.mse.jhu.edu/jsonapi/taxonomy_term/creator_r/4d099990-53ae-4fc1-b0a0-eb04e305a2d8
75,Harry Clarke,8d7b35cc-0431-45b4-b36d-9fd23d7fda3f,https://levy-test.mse.jhu.edu/jsonapi/taxonomy_term/creator_r/8d7b35cc-0431-45b4-b36d-9fd23d7fda3f
76,Harry Graham,23f93d43-3eff-47d7-97e0-571883f71380,https://levy-test.mse.jhu.edu/jsonapi/taxonomy_term/creator_r/23f93d43-3eff-47d7-97e0-571883f71380
77,Harry Marlow,ea1c3d27-c8ca-4397-a93b-e3d305292b43,https://levy-test.mse.jhu.edu/jsonapi/taxonomy_term/creator_r/ea1c3d27-c8ca-4397-a93b-e3d305292b43
78,Harry Owens,ab0dde62-507c-4b68-a3ff-611135358c48,https://levy-test.mse.jhu.edu/jsonapi/taxonomy_term/creator_r/ab0dde62-507c-4b68-a3ff-611135358c48
79,Harry Revel,70d9d925-626f-4e3a-b74d-c742bfeb1666,https://levy-test.mse.jhu.edu/jsonapi/taxonomy_term/creator_r/70d9d925-626f-4e3a-b74d-c742bfeb1666
80,Harry Ruby,f44a5207-4153-421d-89b1-a87dfc6bee41,https://levy-test.mse.jhu.edu/jsonapi/taxonomy_term/creator_r/f44a5207-4153-421d-89b1-a87dfc6bee41
81,Henrich Berte,88240700-37dc-4e5e-81d8-993eeeadcc84,https://levy-test.mse.jhu.edu/jsonapi/taxonomy_term/creator_r/88240700-37dc-4e5e-81d8-993eeeadcc84
82,Henry Blossom,93acd3ab-7960-4f2b-84e2-1dbf7de73b1b,https://levy-test.mse.jhu.edu/jsonapi/taxonomy_term/creator_r/93acd3ab-7960-4f2b-84e2-1dbf7de73b1b
83,Henry Fink,bd046611-1692-409f-9249-b6fb901f8ce3,https://levy-test.mse.jhu.edu/jsonapi/taxonomy_term/creator_r/bd046611-1692-409f-9249-b6fb901f8ce3
84,Herb Magidson,813e4b06-c0f8-42d1-8ae1-ab0e42de0054,https://levy-test.mse.jhu.edu/jsonapi/taxonomy_term/creator_r/813e4b06-c0f8-42d1-8ae1-ab0e42de0054
85,Herbert Reynolds,1ce7ea4e-a914-401d-a2b8-4d4a20012ee4,https://levy-test.mse.jhu.edu/jsonapi/taxonomy_term/creator_r/1ce7ea4e-a914-401d-a2b8-4d4a20012ee4
86,Herbert Stothart,ad5e3302-22cb-4c9a-93a7-19494dbf65a8,https://levy-test.mse.jhu.edu/jsonapi/taxonomy_term/creator_r/ad5e3302-22cb-4c9a-93a7-19494dbf65a8
87,Howard Dietz,06573eed-a3db-4139-a418-df4631cc873d,https://levy-test.mse.jhu.edu/jsonapi/taxonomy_term/creator_r/06573eed-a3db-4139-a418-df4631cc873d
88,Ira Gershwin,9c808a20-1903-40fe-8e4a-d3bfdea5d3d8,https://levy-test.mse.jhu.edu/jsonapi/taxonomy_term/creator_r/9c808a20-1903-40fe-8e4a-d3bfdea5d3d8
89,Irving Berlin,d82712b8-8b00-43d9-8a66-89d98c7e3db4,https://levy-test.mse.jhu.edu/jsonapi/taxonomy_term/creator_r/d82712b8-8b00-43d9-8a66-89d98c7e3db4
90,Irving Caesar,83750cb7-2edf-4654-acb1-3a931e06925d,https://levy-test.mse.jhu.edu/jsonapi/taxonomy_term/creator_r/83750cb7-2edf-4654-acb1-3a931e06925d
91,Irving Kahal,159690e2-71d9-4674-a7b5-4b34d763d5f1,https://levy-test.mse.jhu.edu/jsonapi/taxonomy_term/creator_r/159690e2-71d9-4674-a7b5-4b34d763d5f1
92,J. Keirn Brennan,a3fe0cdd-cf90-41b1-83a7-3852fb1ad464,https://levy-test.mse.jhu.edu/jsonapi/taxonomy_term/creator_r/a3fe0cdd-cf90-41b1-83a7-3852fb1ad464
93,J. Will Callahan,f723776d-9cc4-457e-a469-6a169824cb37,https://levy-test.mse.jhu.edu/jsonapi/taxonomy_term/creator_r/f723776d-9cc4-457e-a469-6a169824cb37
94,J.W. Johnson,1d5c1e25-ab76-41c8-8635-39ca41e79b69,https://levy-test.mse.jhu.edu/jsonapi/taxonomy_term/creator_r/1d5c1e25-ab76-41c8-8635-39ca41e79b69
95,Jack Brooks,856d7efd-cfdb-493b-bc5b-6b58cc7d759a,https://levy-test.mse.jhu.edu/jsonapi/taxonomy_term/creator_r/856d7efd-cfdb-493b-bc5b-6b58cc7d759a
96,Jack Hoins,746bc1db-9256-4989-b88a-09266e7809e5,https://levy-test.mse.jhu.edu/jsonapi/taxonomy_term/creator_r/746bc1db-9256-4989-b88a-09266e7809e5
97,Jack Norworth,ae5ac687-a1dc-4435-84f6-d074bdbc97a0,https://levy-test.mse.jhu.edu/jsonapi/taxonomy_term/creator_r/ae5ac687-a1dc-4435-84f6-d074bdbc97a0
98,James Duffy,15d7dbfa-2eb4-4ae9-b9b2-42692bffe3dd,https://levy-test.mse.jhu.edu/jsonapi/taxonomy_term/creator_r/15d7dbfa-2eb4-4ae9-b9b2-42692bffe3dd
99,James Heard,e05f555a-84b1-41b4-a88e-5557eabd9944,https://levy-test.mse.jhu.edu/jsonapi/taxonomy_term/creator_r/e05f555a-84b1-41b4-a88e-5557eabd9944
100,James O'Dea,e4c776d4-2b50-4776-a93b-332e589e51e5,https://levy-test.mse.jhu.edu/jsonapi/taxonomy_term/creator_r/e4c776d4-2b50-4776-a93b-332e589e51e5
101,Jerome Kern,35e920df-b793-4bca-b888-1e55a346074a,https://levy-test.mse.jhu.edu/jsonapi/taxonomy_term/creator_r/35e920df-b793-4bca-b888-1e55a346074a
102,Jimmy Kennedy,4dac837c-7ad9-465d-8156-0cfe64ecb92b,https://levy-test.mse.jhu.edu/jsonapi/taxonomy_term/creator_r/4dac837c-7ad9-465d-8156-0cfe64ecb92b
103,Jimmy Mchugh,4e23f41f-408f-428c-8011-0d125eccc7d3,https://levy-test.mse.jhu.edu/jsonapi/taxonomy_term/creator_r/4e23f41f-408f-428c-8011-0d125eccc7d3
104,Joe Goodwin,4c8a9b08-79a5-4a7b-b6d6-ad78f860492d,https://levy-test.mse.jhu.edu/jsonapi/taxonomy_term/creator_r/4c8a9b08-79a5-4a7b-b6d6-ad78f860492d
105,Joe Mccarthy,3544dfbd-fad1-4d38-bd20-7390fc7e7958,https://levy-test.mse.jhu.edu/jsonapi/taxonomy_term/creator_r/3544dfbd-fad1-4d38-bd20-7390fc7e7958
106,John E. Hazzard,aefd9c3b-75a5-4996-af7e-b6f32ad14180,https://levy-test.mse.jhu.edu/jsonapi/taxonomy_term/creator_r/aefd9c3b-75a5-4996-af7e-b6f32ad14180
107,John Golden,1d11fe5c-c5af-4df3-8bec-bc925da833b6,https://levy-test.mse.jhu.edu/jsonapi/taxonomy_term/creator_r/1d11fe5c-c5af-4df3-8bec-bc925da833b6
108,John H. Wagner,260eab63-7412-4473-ab71-8d0a8d77928d,https://levy-test.mse.jhu.edu/jsonapi/taxonomy_term/creator_r/260eab63-7412-4473-ab71-8d0a8d77928d
109,John Henry Mears,98730a94-4704-4035-ab03-42a35f37c76a,https://levy-test.mse.jhu.edu/jsonapi/taxonomy_term/creator_r/98730a94-4704-4035-ab03-42a35f37c76a
110,John L. Golden,1eb7742e-abd8-4347-b962-4158e1054882,https://levy-test.mse.jhu.edu/jsonapi/taxonomy_term/creator_r/1eb7742e-abd8-4347-b962-4158e1054882
111,Johnny Mercer,8099a8e2-3dc7-44dd-a513-c2a35e635ccc,https://levy-test.mse.jhu.edu/jsonapi/taxonomy_term/creator_r/8099a8e2-3dc7-44dd-a513-c2a35e635ccc
112,Joseph Mccarthy,2a851b98-6f0d-4c61-af78-ffe94f546aec,https://levy-test.mse.jhu.edu/jsonapi/taxonomy_term/creator_r/2a851b98-6f0d-4c61-af78-ffe94f546aec
113,June Carroll,8d2321cc-b6b7-498a-afc6-30ef17d7e461,https://levy-test.mse.jhu.edu/jsonapi/taxonomy_term/creator_r/8d2321cc-b6b7-498a-afc6-30ef17d7e461
114,Junie Mccree,6cd82aed-1179-4676-9c81-7a68f4b28542,https://levy-test.mse.jhu.edu/jsonapi/taxonomy_term/creator_r/6cd82aed-1179-4676-9c81-7a68f4b28542
115,Kim Gannon,a84a33cf-617a-4964-aa75-e2422ac4016d,https://levy-test.mse.jhu.edu/jsonapi/taxonomy_term/creator_r/a84a33cf-617a-4964-aa75-e2422ac4016d
116,L Wolfe Gilbert,27739e29-6945-4fa9-8eed-3170677b12bc,https://levy-test.mse.jhu.edu/jsonapi/taxonomy_term/creator_r/27739e29-6945-4fa9-8eed-3170677b12bc
117,L.W. Heiser,b87def2b-2d80-4163-99d7-3d2c948ae598,https://levy-test.mse.jhu.edu/jsonapi/taxonomy_term/creator_r/b87def2b-2d80-4163-99d7-3d2c948ae598
118,Leo Robin,5f777d8d-ea7e-43d5-991b-89564a69b487,https://levy-test.mse.jhu.edu/jsonapi/taxonomy_term/creator_r/5f777d8d-ea7e-43d5-991b-89564a69b487
119,Lew Brown,2aba14a4-32a0-4fcf-aca6-9b84883ec598,https://levy-test.mse.jhu.edu/jsonapi/taxonomy_term/creator_r/2aba14a4-32a0-4fcf-aca6-9b84883ec598
120,Lew Porter,11f909a6-81c3-48e4-9b61-807a0841a604,https://levy-test.mse.jhu.edu/jsonapi/taxonomy_term/creator_r/11f909a6-81c3-48e4-9b61-807a0841a604
121,Lorenz Hart,4fb90828-fbec-40c6-ac93-de78c3d32439,https://levy-test.mse.jhu.edu/jsonapi/taxonomy_term/creator_r/4fb90828-fbec-40c6-ac93-de78c3d32439
122,Lou Paley,7a3a68d3-f93d-47f7-a644-b65569378a8c,https://levy-test.mse.jhu.edu/jsonapi/taxonomy_term/creator_r/7a3a68d3-f93d-47f7-a644-b65569378a8c
123,Louis Henneve,50af8ad5-e6dd-4612-93a9-5cfb9b6c6aef,https://levy-test.mse.jhu.edu/jsonapi/taxonomy_term/creator_r/50af8ad5-e6dd-4612-93a9-5cfb9b6c6aef
124,M.E. Rourke,421ccac3-8576-4d08-9e3e-90a671745c58,https://levy-test.mse.jhu.edu/jsonapi/taxonomy_term/creator_r/421ccac3-8576-4d08-9e3e-90a671745c58
125,Mack Gordon,a9626a73-2468-424d-89d7-701058fe0f20,https://levy-test.mse.jhu.edu/jsonapi/taxonomy_term/creator_r/a9626a73-2468-424d-89d7-701058fe0f20
126,Marshall M. Bartholomew,7a737097-1e3a-45cc-b778-f810499bf247,https://levy-test.mse.jhu.edu/jsonapi/taxonomy_term/creator_r/7a737097-1e3a-45cc-b778-f810499bf247
127,Martin Charnin,ff141a16-78b3-4bb2-a331-fcb3fb9a7b12,https://levy-test.mse.jhu.edu/jsonapi/taxonomy_term/creator_r/ff141a16-78b3-4bb2-a331-fcb3fb9a7b12
128,Matthew Woodward,5c4e4937-99a9-4bc0-8418-fc7a58978f5c,https://levy-test.mse.jhu.edu/jsonapi/taxonomy_term/creator_r/5c4e4937-99a9-4bc0-8418-fc7a58978f5c
129,Maurice Stonehill,1781cd0e-9447-4b16-b6b2-5900322e51a2,https://levy-test.mse.jhu.edu/jsonapi/taxonomy_term/creator_r/1781cd0e-9447-4b16-b6b2-5900322e51a2
130,Melville Gideon,aed988ec-0127-468d-b9cf-5d10bb299bc6,https://levy-test.mse.jhu.edu/jsonapi/taxonomy_term/creator_r/aed988ec-0127-468d-b9cf-5d10bb299bc6
131,Oscar Hammerstein Ii,4f83edbc-db4b-45d8-8651-152444299c64,https://levy-test.mse.jhu.edu/jsonapi/taxonomy_term/creator_r/4f83edbc-db4b-45d8-8651-152444299c64
132,Otto Harbach,ecff63fd-f63a-4987-92bb-6c5e0ca9eb13,https://levy-test.mse.jhu.edu/jsonapi/taxonomy_term/creator_r/ecff63fd-f63a-4987-92bb-6c5e0ca9eb13
133,Otto Motzan,41cd845c-0a30-4e9f-9690-2dbebe09ae51,https://levy-test.mse.jhu.edu/jsonapi/taxonomy_term/creator_r/41cd845c-0a30-4e9f-9690-2dbebe09ae51
134,Owen Hall,766efee4-c13c-4d6f-bd11-2dc8cc220e48,https://levy-test.mse.jhu.edu/jsonapi/taxonomy_term/creator_r/766efee4-c13c-4d6f-bd11-2dc8cc220e48
135,P.G. Wodehouse,be9f29e1-be45-4d58-a2f6-1858753b2139,https://levy-test.mse.jhu.edu/jsonapi/taxonomy_term/creator_r/be9f29e1-be45-4d58-a2f6-1858753b2139
136,Paul West,b1484501-e1ae-4bcf-8407-8c73baf3d133,https://levy-test.mse.jhu.edu/jsonapi/taxonomy_term/creator_r/b1484501-e1ae-4bcf-8407-8c73baf3d133
137,Percival Knight,9d16759e-64a8-4b0e-8f6a-02a0ce7c1e4e,https://levy-test.mse.jhu.edu/jsonapi/taxonomy_term/creator_r/9d16759e-64a8-4b0e-8f6a-02a0ce7c1e4e
138,Ray Henderson,3b09f542-ba0b-4ef9-9e51-872351e18cae,https://levy-test.mse.jhu.edu/jsonapi/taxonomy_term/creator_r/3b09f542-ba0b-4ef9-9e51-872351e18cae
139,Ren. G. May,d0c88eb0-13c1-4bf2-b984-ee60827b244b,https://levy-test.mse.jhu.edu/jsonapi/taxonomy_term/creator_r/d0c88eb0-13c1-4bf2-b984-ee60827b244b
140,Reynold Wolf,283e726a-209f-45f0-ad61-d31dc6b7de92,https://levy-test.mse.jhu.edu/jsonapi/taxonomy_term/creator_r/283e726a-209f-45f0-ad61-d31dc6b7de92
141,Richard A. Whiting,edfab626-c600-4ca9-a37f-2570f2a84118,https://levy-test.mse.jhu.edu/jsonapi/taxonomy_term/creator_r/edfab626-c600-4ca9-a37f-2570f2a84118
142,Richard Rodgers,c4cb7946-0173-4c66-99b2-fbb858bf2b4c,https://levy-test.mse.jhu.edu/jsonapi/taxonomy_term/creator_r/c4cb7946-0173-4c66-99b2-fbb858bf2b4c
143,Ring Lardner,dab255a7-b08d-468f-861e-a1601d695257,https://levy-test.mse.jhu.edu/jsonapi/taxonomy_term/creator_r/dab255a7-b08d-468f-861e-a1601d695257
144,Ritchie Cordell,ac9e12ba-58e1-446a-9dc2-ca2cc4fd681e,https://levy-test.mse.jhu.edu/jsonapi/taxonomy_term/creator_r/ac9e12ba-58e1-446a-9dc2-ca2cc4fd681e
145,Robert B. Smith,1800c077-4fd4-412e-8474-aa648fa500e3,https://levy-test.mse.jhu.edu/jsonapi/taxonomy_term/creator_r/1800c077-4fd4-412e-8474-aa648fa500e3
146,Sam Ehrlich,fc15cfab-aa6e-4186-88f5-284cb46e8875,https://levy-test.mse.jhu.edu/jsonapi/taxonomy_term/creator_r/fc15cfab-aa6e-4186-88f5-284cb46e8875
147,Sam M. Lewis,6e491609-ca94-4cd7-8026-bbcaddce3e03,https://levy-test.mse.jhu.edu/jsonapi/taxonomy_term/creator_r/6e491609-ca94-4cd7-8026-bbcaddce3e03
148,Schuyler Greene,cc410723-4d3f-46a9-8b94-fca2f918433a,https://levy-test.mse.jhu.edu/jsonapi/taxonomy_term/creator_r/cc410723-4d3f-46a9-8b94-fca2f918433a
149,Seymour Brown,c8fd97d8-b373-454d-b5c3-3ca958fe2bb2,https://levy-test.mse.jhu.edu/jsonapi/taxonomy_term/creator_r/c8fd97d8-b373-454d-b5c3-3ca958fe2bb2
150,Stanislaus Stange,502fd46a-0693-43a7-8370-2011509bd069,https://levy-test.mse.jhu.edu/jsonapi/taxonomy_term/creator_r/502fd46a-0693-43a7-8370-2011509bd069
151,Stanley Murphy,ac762fea-fa08-4f21-adf2-07228899998d,https://levy-test.mse.jhu.edu/jsonapi/taxonomy_term/creator_r/ac762fea-fa08-4f21-adf2-07228899998d
152,Stephen Sondheim,2d07cc0c-625d-455f-9524-d540de2f999c,https://levy-test.mse.jhu.edu/jsonapi/taxonomy_term/creator_r/2d07cc0c-625d-455f-9524-d540de2f999c
153,T. Lawrason Riggs,dee9ae38-6108-4592-9647-2a559837010d,https://levy-test.mse.jhu.edu/jsonapi/taxonomy_term/creator_r/dee9ae38-6108-4592-9647-2a559837010d
154,Ted Snyder,bccf4a09-8831-492f-8fd9-e6ce07bec55f,https://levy-test.mse.jhu.edu/jsonapi/taxonomy_term/creator_r/bccf4a09-8831-492f-8fd9-e6ce07bec55f
155,Thomas Fundora,7ce72c4e-629c-426a-964a-0137608ecd9a,https://levy-test.mse.jhu.edu/jsonapi/taxonomy_term/creator_r/7ce72c4e-629c-426a-964a-0137608ecd9a
156,Vaughn De Leath,6483530f-47fd-42e6-bfb8-a2a7c0817f73,https://levy-test.mse.jhu.edu/jsonapi/taxonomy_term/creator_r/6483530f-47fd-42e6-bfb8-a2a7c0817f73
157,Wallace Irwin,8457a272-a966-4724-97d4-dddb647296b9,https://levy-test.mse.jhu.edu/jsonapi/taxonomy_term/creator_r/8457a272-a966-4724-97d4-dddb647296b9
158,Will Dillon,9aa79946-43da-49a4-98fe-37ad2870a1e0,https://levy-test.mse.jhu.edu/jsonapi/taxonomy_term/creator_r/9aa79946-43da-49a4-98fe-37ad2870a1e0
159,William Jerome,b35cdc59-8314-4248-b1e8-2d4f0f89d449,https://levy-test.mse.jhu.edu/jsonapi/taxonomy_term/creator_r/b35cdc59-8314-4248-b1e8-2d4f0f89d449
160,Wm Jerome,76e8aa62-124b-40b2-8ec0-86974e668cba,https://levy-test.mse.jhu.edu/jsonapi/taxonomy_term/creator_r/76e8aa62-124b-40b2-8ec0-86974e668cba
161,Worton David,b2127ddd-d7af-4a3f-a93c-d0e439d631d8,https://levy-test.mse.jhu.edu/jsonapi/taxonomy_term/creator_r/b2127ddd-d7af-4a3f-a93c-d0e439d631d8
162,Aging,0a2da1fc-c82b-4330-9705-1221a6c5d564,https://levy-test.mse.jhu.edu/jsonapi/taxonomy_term/subjects/0a2da1fc-c82b-4330-9705-1221a6c5d564
163,Air Travel,0a69ba66-7342-419d-803e-0f176359712b,https://levy-test.mse.jhu.edu/jsonapi/taxonomy_term/subjects/0a69ba66-7342-419d-803e-0f176359712b
164,Alcoholic Beverages,8838d354-1050-49ab-b402-7476fe471709,https://levy-test.mse.jhu.edu/jsonapi/taxonomy_term/subjects/8838d354-1050-49ab-b402-7476fe471709
165,Blues,111db61c-66b2-406d-9490-bd045ce339c7,https://levy-test.mse.jhu.edu/jsonapi/taxonomy_term/subjects/111db61c-66b2-406d-9490-bd045ce339c7
166,Business,5553d236-de6e-420d-82b7-383ba1b519e6,https://levy-test.mse.jhu.edu/jsonapi/taxonomy_term/subjects/5553d236-de6e-420d-82b7-383ba1b519e6
167,Business Enterprises,13e8e639-495b-4387-8c44-abaadf2e5ead,https://levy-test.mse.jhu.edu/jsonapi/taxonomy_term/subjects/13e8e639-495b-4387-8c44-abaadf2e5ead
168,Cars,858be87c-8c52-4096-954f-acd6ea5aa62d,https://levy-test.mse.jhu.edu/jsonapi/taxonomy_term/subjects/858be87c-8c52-4096-954f-acd6ea5aa62d
169,Clothing,3515010e-c773-4774-9d69-b6dddbfb7269,https://levy-test.mse.jhu.edu/jsonapi/taxonomy_term/subjects/3515010e-c773-4774-9d69-b6dddbfb7269
170,Clothing & Dress,72ff7972-3fd9-4bcb-83b9-3df02806d89c,https://levy-test.mse.jhu.edu/jsonapi/taxonomy_term/subjects/72ff7972-3fd9-4bcb-83b9-3df02806d89c
171,Colleges,57082182-913d-41ec-94ec-26c9c4761f96,https://levy-test.mse.jhu.edu/jsonapi/taxonomy_term/subjects/57082182-913d-41ec-94ec-26c9c4761f96
172,Confidence,822fbe0e-e94c-4151-b556-d454cc3d84af,https://levy-test.mse.jhu.edu/jsonapi/taxonomy_term/subjects/822fbe0e-e94c-4151-b556-d454cc3d84af
173,Dawn,e041873f-518d-43b3-99da-2ccdb658fb4e,https://levy-test.mse.jhu.edu/jsonapi/taxonomy_term/subjects/e041873f-518d-43b3-99da-2ccdb658fb4e
174,Devil,360d80eb-1da3-4a35-b6ea-3159673b6acb,https://levy-test.mse.jhu.edu/jsonapi/taxonomy_term/subjects/360d80eb-1da3-4a35-b6ea-3159673b6acb
175,Dixie,121b29d1-8004-4162-9d4e-d7f6d74c1be8,https://levy-test.mse.jhu.edu/jsonapi/taxonomy_term/subjects/121b29d1-8004-4162-9d4e-d7f6d74c1be8
176,Doctors,c03ca755-f44b-44b4-9498-58e03093d5b6,https://levy-test.mse.jhu.edu/jsonapi/taxonomy_term/subjects/c03ca755-f44b-44b4-9498-58e03093d5b6
177,Elections,2ca64950-cbd3-4a22-b7ec-d286b467fc3c,https://levy-test.mse.jhu.edu/jsonapi/taxonomy_term/subjects/2ca64950-cbd3-4a22-b7ec-d286b467fc3c
178,Ethnic Stereotypes,85064a2e-ffad-4a25-81cd-c0a5c0218181,https://levy-test.mse.jhu.edu/jsonapi/taxonomy_term/subjects/85064a2e-ffad-4a25-81cd-c0a5c0218181
179,Europe,aeb964ab-3068-4312-9b8c-ed2b0434d81d,https://levy-test.mse.jhu.edu/jsonapi/taxonomy_term/subjects/aeb964ab-3068-4312-9b8c-ed2b0434d81d
180,Exercise,da43d88c-c461-4bef-a2eb-19b5cf2bda6a,https://levy-test.mse.jhu.edu/jsonapi/taxonomy_term/subjects/da43d88c-c461-4bef-a2eb-19b5cf2bda6a
181,Fairy Tales,4d30ee47-586a-43b9-8182-4edfa22b3931,https://levy-test.mse.jhu.edu/jsonapi/taxonomy_term/subjects/4d30ee47-586a-43b9-8182-4edfa22b3931
182,Fathers & Children,d846abdc-38cd-4315-980e-218d58a855cc,https://levy-test.mse.jhu.edu/jsonapi/taxonomy_term/subjects/d846abdc-38cd-4315-980e-218d58a855cc
183,First Ladies,475c7861-4c1a-487b-b291-59479226455f,https://levy-test.mse.jhu.edu/jsonapi/taxonomy_term/subjects/475c7861-4c1a-487b-b291-59479226455f
184,Gender,fce556e6-098a-4cd4-9241-d71f141d630f,https://levy-test.mse.jhu.edu/jsonapi/taxonomy_term/subjects/fce556e6-098a-4cd4-9241-d71f141d630f
185,Gratitude,c9892585-ecc7-4e00-9de3-dfbb62c834f9,https://levy-test.mse.jhu.edu/jsonapi/taxonomy_term/subjects/c9892585-ecc7-4e00-9de3-dfbb62c834f9
186,Homelessness,043ba2e1-4f4e-4379-b06d-283169d240fa,https://levy-test.mse.jhu.edu/jsonapi/taxonomy_term/subjects/043ba2e1-4f4e-4379-b06d-283169d240fa
187,Loneliness,9a206ee0-a443-499d-9bc3-63809d86ffef,https://levy-test.mse.jhu.edu/jsonapi/taxonomy_term/subjects/9a206ee0-a443-499d-9bc3-63809d86ffef
188,Louisiana,8c8ba6aa-4b72-4d40-99e0-ea58b85967ff,https://levy-test.mse.jhu.edu/jsonapi/taxonomy_term/subjects/8c8ba6aa-4b72-4d40-99e0-ea58b85967ff
189,Luck,39eeca4c-7c89-4dcd-9d6a-0b1728ebce33,https://levy-test.mse.jhu.edu/jsonapi/taxonomy_term/subjects/39eeca4c-7c89-4dcd-9d6a-0b1728ebce33
190,Memory,c88f2d3f-5344-4dff-a803-fa76097ea41b,https://levy-test.mse.jhu.edu/jsonapi/taxonomy_term/subjects/c88f2d3f-5344-4dff-a803-fa76097ea41b
191,Military,5b943ff1-3564-4f20-aa2d-ee7292cf1737,https://levy-test.mse.jhu.edu/jsonapi/taxonomy_term/subjects/5b943ff1-3564-4f20-aa2d-ee7292cf1737
192,Mothers & Children,e8992b8a-9619-4273-83ce-c271c96ac662,https://levy-test.mse.jhu.edu/jsonapi/taxonomy_term/subjects/e8992b8a-9619-4273-83ce-c271c96ac662
193,Nighttime,a669d54b-6206-46f3-88c8-7a07f3bbbbc8,https://levy-test.mse.jhu.edu/jsonapi/taxonomy_term/subjects/a669d54b-6206-46f3-88c8-7a07f3bbbbc8
194,Nobility,21b4f630-f9be-4deb-a25c-2b905dd086ad,https://levy-test.mse.jhu.edu/jsonapi/taxonomy_term/subjects/21b4f630-f9be-4deb-a25c-2b905dd086ad
195,Oklahoma,1a6b2265-9e10-4ffb-9f2c-5d40eadb2735,https://levy-test.mse.jhu.edu/jsonapi/taxonomy_term/subjects/1a6b2265-9e10-4ffb-9f2c-5d40eadb2735
196,Parents & Children,790c55e2-c189-4f73-a6a6-2903fe4a2f6c,https://levy-test.mse.jhu.edu/jsonapi/taxonomy_term/subjects/790c55e2-c189-4f73-a6a6-2903fe4a2f6c
197,Performers,20e78acf-d7e4-4c7e-8ac6-50bbe7858a7b,https://levy-test.mse.jhu.edu/jsonapi/taxonomy_term/subjects/20e78acf-d7e4-4c7e-8ac6-50bbe7858a7b
198,Presidential Elections,42a8b477-46be-473a-904b-6b9def8e28bf,https://levy-test.mse.jhu.edu/jsonapi/taxonomy_term/subjects/42a8b477-46be-473a-904b-6b9def8e28bf
199,Professions,b0a65e0e-5e4e-46c6-bd8d-9f6a3f4bff42,https://levy-test.mse.jhu.edu/jsonapi/taxonomy_term/subjects/b0a65e0e-5e4e-46c6-bd8d-9f6a3f4bff42
200,Racial Stereotypes,567ba3e0-fa8a-4b6f-8d26-9c9dcd67eebe,https://levy-test.mse.jhu.edu/jsonapi/taxonomy_term/subjects/567ba3e0-fa8a-4b6f-8d26-9c9dcd67eebe
201,Ragtime,b9022890-4822-4ca7-8046-4091b537d3ab,https://levy-test.mse.jhu.edu/jsonapi/taxonomy_term/subjects/b9022890-4822-4ca7-8046-4091b537d3ab
202,Relationships,e95deecd-4dfe-4678-aba3-19f155b9dd4e,https://levy-test.mse.jhu.edu/jsonapi/taxonomy_term/subjects/e95deecd-4dfe-4678-aba3-19f155b9dd4e
203,Romance,ce36d21f-46eb-4f85-8304-08134d9de645,https://levy-test.mse.jhu.edu/jsonapi/taxonomy_term/subjects/ce36d21f-46eb-4f85-8304-08134d9de645
204,Siblings,56e9affe-603a-48ae-97fa-4e89b56fe781,https://levy-test.mse.jhu.edu/jsonapi/taxonomy_term/subjects/56e9affe-603a-48ae-97fa-4e89b56fe781
205,Social Classes,636a0d93-43c3-4068-8511-762a7ac63539,https://levy-test.mse.jhu.edu/jsonapi/taxonomy_term/subjects/636a0d93-43c3-4068-8511-762a7ac63539
206,Sound Recording,1157a981-40b6-4b15-be62-d4d03ba010ea,https://levy-test.mse.jhu.edu/jsonapi/taxonomy_term/subjects/1157a981-40b6-4b15-be62-d4d03ba010ea
207,South,334428d5-b9e2-4583-a5bb-1286e6f775d6,https://levy-test.mse.jhu.edu/jsonapi/taxonomy_term/subjects/334428d5-b9e2-4583-a5bb-1286e6f775d6
208,Springtime,4e93cd28-465b-4c6b-a09b-9d75fe4349e3,https://levy-test.mse.jhu.edu/jsonapi/taxonomy_term/subjects/4e93cd28-465b-4c6b-a09b-9d75fe4349e3
209,State Fairs,b3f08525-ccda-4fa4-9406-9bcef89b3a09,https://levy-test.mse.jhu.edu/jsonapi/taxonomy_term/subjects/b3f08525-ccda-4fa4-9406-9bcef89b3a09
210,Sunshine,a408d22f-8959-40a4-b511-9c962dfd1bf0,https://levy-test.mse.jhu.edu/jsonapi/taxonomy_term/subjects/a408d22f-8959-40a4-b511-9c962dfd1bf0
211,Texas,7a4b4678-8d11-4ac4-9885-f2f334800d0c,https://levy-test.mse.jhu.edu/jsonapi/taxonomy_term/subjects/7a4b4678-8d11-4ac4-9885-f2f334800d0c
212,Unhappiness,dda40d77-624e-423f-81fb-52200405f43a,https://levy-test.mse.jhu.edu/jsonapi/taxonomy_term/subjects/dda40d77-624e-423f-81fb-52200405f43a
213,Vampires,0c551e23-ed1f-48f1-956d-5b73b394e448,https://levy-test.mse.jhu.edu/jsonapi/taxonomy_term/subjects/0c551e23-ed1f-48f1-956d-5b73b394e448
214,Weapons,676a97bf-4aa1-41e2-8e43-7df68c70ceb8,https://levy-test.mse.jhu.edu/jsonapi/taxonomy_term/subjects/676a97bf-4aa1-41e2-8e43-7df68c70ceb8
215,symbols,3c837e3b-4fa2-4390-ae42-98d36cfc99a6,https://levy-test.mse.jhu.edu/jsonapi/taxonomy_term/instrumentation_metadata/3c837e3b-4fa2-4390-ae42-98d36cfc99a6
216,tenor-guitar,9c911b4e-9165-43ae-95b6-a7531e967ad6,https://levy-test.mse.jhu.edu/jsonapi/taxonomy_term/instrumentation_metadata/9c911b4e-9165-43ae-95b6-a7531e967ad6
217,A.C. Manning,639f30ae-2f97-48e1-a844-c2f6a094bfa0,https://levy-test.mse.jhu.edu/jsonapi/taxonomy_term/creator_r/639f30ae-2f97-48e1-a844-c2f6a094bfa0
218,Calvin Grooms,6bc26484-ccff-402b-977f-b6d5b6da2a8b,https://levy-test.mse.jhu.edu/jsonapi/taxonomy_term/creator_r/6bc26484-ccff-402b-977f-b6d5b6da2a8b
219,Charles N. Grant,a4bc09b9-2aa6-427f-8231-eb0bb2fe6d93,https://levy-test.mse.jhu.edu/jsonapi/taxonomy_term/creator_r/a4bc09b9-2aa6-427f-8231-eb0bb2fe6d93
220,Chas Miller,751c3a0a-42cb-4777-a8ad-f0def98174eb,https://levy-test.mse.jhu.edu/jsonapi/taxonomy_term/creator_r/751c3a0a-42cb-4777-a8ad-f0def98174eb
221,Chas. N. Grant,acac4ac0-f361-4318-b2d1-d3c76080f9cf,https://levy-test.mse.jhu.edu/jsonapi/taxonomy_term/creator_r/acac4ac0-f361-4318-b2d1-d3c76080f9cf
222,Denis Wright,114e4547-a626-4541-828a-e4b8d4e0965e,https://levy-test.mse.jhu.edu/jsonapi/taxonomy_term/creator_r/114e4547-a626-4541-828a-e4b8d4e0965e
223,Guy Jones,974d34ae-7909-49b7-a47f-ae2857c7dd35,https://levy-test.mse.jhu.edu/jsonapi/taxonomy_term/creator_r/974d34ae-7909-49b7-a47f-ae2857c7dd35
224,H.M. Higgs,a5323ff3-769f-4f8d-8100-78d1a2eb274f,https://levy-test.mse.jhu.edu/jsonapi/taxonomy_term/creator_r/a5323ff3-769f-4f8d-8100-78d1a2eb274f
225,Henry Hall,26101f0b-752a-41f0-8e96-b17717e2e35c,https://levy-test.mse.jhu.edu/jsonapi/taxonomy_term/creator_r/26101f0b-752a-41f0-8e96-b17717e2e35c
226,Mornay D. Helm,b6c8eca6-2a23-40fc-8583-3653d85f3dac,https://levy-test.mse.jhu.edu/jsonapi/taxonomy_term/creator_r/b6c8eca6-2a23-40fc-8583-3653d85f3dac
227,Philip J. Lang,2c05df52-a027-42cc-81e7-8aa53f7c71d8,https://levy-test.mse.jhu.edu/jsonapi/taxonomy_term/creator_r/2c05df52-a027-42cc-81e7-8aa53f7c71d8
228,Solito De Solis,eb398716-7a0a-46a1-b1e9-804b4b8f0df8,https://levy-test.mse.jhu.edu/jsonapi/taxonomy_term/creator_r/eb398716-7a0a-46a1-b1e9-804b4b8f0df8
229,William Bolcom,49a31ded-ab64-4b1d-b1fd-5b56c525b2ca,https://levy-test.mse.jhu.edu/jsonapi/taxonomy_term/creator_r/49a31ded-ab64-4b1d-b1fd-5b56c525b2ca
230,Al Harriman,f5bbf135-ec9c-460d-ae28-bcbca9860afe,https://levy-test.mse.jhu.edu/jsonapi/taxonomy_term/creator_r/f5bbf135-ec9c-460d-ae28-bcbca9860afe
231,Andrew B. Sterling,7caf497c-feed-4c4f-ad96-7602a8b4194a,https://levy-test.mse.jhu.edu/jsonapi/taxonomy_term/creator_r/7caf497c-feed-4c4f-ad96-7602a8b4194a
232,Bert Kalmar,e662e76e-9b06-4fa4-8c10-b6a1146a6082,https://levy-test.mse.jhu.edu/jsonapi/taxonomy_term/creator_r/e662e76e-9b06-4fa4-8c10-b6a1146a6082
233,Bo Gentry,f8b68bca-2f04-47b0-b721-20aec05ffeee,https://levy-test.mse.jhu.edu/jsonapi/taxonomy_term/creator_r/f8b68bca-2f04-47b0-b721-20aec05ffeee
234,Bob Cole,15cd9eeb-429b-49e1-bbd9-03928e686b64,https://levy-test.mse.jhu.edu/jsonapi/taxonomy_term/creator_r/15cd9eeb-429b-49e1-bbd9-03928e686b64
235,Dorothy Donnelly,86c25dd8-4a6b-4929-b5b8-81f062d4a17c,https://levy-test.mse.jhu.edu/jsonapi/taxonomy_term/creator_r/86c25dd8-4a6b-4929-b5b8-81f062d4a17c
236,E. Ray Goetz,ef48411d-1f72-449a-b6a6-2360d78b5f99,https://levy-test.mse.jhu.edu/jsonapi/taxonomy_term/creator_r/ef48411d-1f72-449a-b6a6-2360d78b5f99
237,Edward Eliscu,4d6f9e51-2092-45ec-81b2-f354f71c8ed7,https://levy-test.mse.jhu.edu/jsonapi/taxonomy_term/creator_r/4d6f9e51-2092-45ec-81b2-f354f71c8ed7
238,Frank Mandel,28510311-bbeb-437d-9c41-fb9207080106,https://levy-test.mse.jhu.edu/jsonapi/taxonomy_term/creator_r/28510311-bbeb-437d-9c41-fb9207080106
239,Gus Kahn,c9100b98-6a64-453a-94a6-21bb17eb9e36,https://levy-test.mse.jhu.edu/jsonapi/taxonomy_term/creator_r/c9100b98-6a64-453a-94a6-21bb17eb9e36
240,Harry Gifford,e2bdf494-1d17-4408-ab8c-e42e0368289f,https://levy-test.mse.jhu.edu/jsonapi/taxonomy_term/creator_r/e2bdf494-1d17-4408-ab8c-e42e0368289f
241,Irving Caesar,fb97c257-4f7b-4941-8b1d-0b9b78305a3e,https://levy-test.mse.jhu.edu/jsonapi/taxonomy_term/creator_r/fb97c257-4f7b-4941-8b1d-0b9b78305a3e
242,Jacques Charles,a4961254-c9b8-43ed-bab0-624c4c816a3a,https://levy-test.mse.jhu.edu/jsonapi/taxonomy_term/creator_r/a4961254-c9b8-43ed-bab0-624c4c816a3a
243,Joe Young,7871da09-bb85-4a08-90ca-dedd42a55e56,https://levy-test.mse.jhu.edu/jsonapi/taxonomy_term/creator_r/7871da09-bb85-4a08-90ca-dedd42a55e56
244,John Crook,e9c02e39-23ed-4e33-bdf0-5f246f614c5d,https://levy-test.mse.jhu.edu/jsonapi/taxonomy_term/creator_r/e9c02e39-23ed-4e33-bdf0-5f246f614c5d
245,Johnnie Camacho,a097c5a5-2a5d-4e27-aa50-9f1772132d9e,https://levy-test.mse.jhu.edu/jsonapi/taxonomy_term/creator_r/a097c5a5-2a5d-4e27-aa50-9f1772132d9e
246,Oscar Hammerstein Ii,dc997000-8778-4483-8c21-0314b55e9e99,https://levy-test.mse.jhu.edu/jsonapi/taxonomy_term/creator_r/dc997000-8778-4483-8c21-0314b55e9e99
247,Otto Harbach,cbcfb5a5-5b51-4107-a827-9f8dff0efd36,https://levy-test.mse.jhu.edu/jsonapi/taxonomy_term/creator_r/cbcfb5a5-5b51-4107-a827-9f8dff0efd36
248,Pat Johnston,7dfa9ab2-7e97-4de7-aebf-2ea3f22880c5,https://levy-test.mse.jhu.edu/jsonapi/taxonomy_term/creator_r/7dfa9ab2-7e97-4de7-aebf-2ea3f22880c5
249,Paul Cunningham,57c3bf1a-9cdc-4c66-b594-6ef8755995d8,https://levy-test.mse.jhu.edu/jsonapi/taxonomy_term/creator_r/57c3bf1a-9cdc-4c66-b594-6ef8755995d8
250,Sigmund Romberg,fe424612-5ffe-4d97-aa13-4155f970a8f0,https://levy-test.mse.jhu.edu/jsonapi/taxonomy_term/creator_r/fe424612-5ffe-4d97-aa13-4155f970a8f0
251,Tommy James,a937fcca-8dfb-4a87-a5be-dbd730c2ad04,https://levy-test.mse.jhu.edu/jsonapi/taxonomy_term/creator_r/a937fcca-8dfb-4a87-a5be-dbd730c2ad04
252,Will Mahoney,fdde299f-66ef-47c1-980a-ef0ae53d03a9,https://levy-test.mse.jhu.edu/jsonapi/taxonomy_term/creator_r/fdde299f-66ef-47c1-980a-ef0ae53d03a9
253,Arthur Francis,a326949b-d52e-4a43-b6ed-e0f9b420333d,https://levy-test.mse.jhu.edu/jsonapi/taxonomy_term/creator_r/a326949b-d52e-4a43-b6ed-e0f9b420333d
254,"""Zez"" Confrey",33936097-291c-47c2-a605-c5c2960b29d6,https://levy-test.mse.jhu.edu/jsonapi/taxonomy_term/creator_r/33936097-291c-47c2-a605-c5c2960b29d6
255,Al Piantadosi,619b29f3-8071-474c-b086-4edc6b7dc0c7,https://levy-test.mse.jhu.edu/jsonapi/taxonomy_term/creator_r/619b29f3-8071-474c-b086-4edc6b7dc0c7
256,Albert Von Tilzer,8a37945b-ca33-4865-ab02-a43561ff75e6,https://levy-test.mse.jhu.edu/jsonapi/taxonomy_term/creator_r/8a37945b-ca33-4865-ab02-a43561ff75e6
257,Anatol Friedland,76ffab42-5bcd-4a9c-b3dc-34baea285da2,https://levy-test.mse.jhu.edu/jsonapi/taxonomy_term/creator_r/76ffab42-5bcd-4a9c-b3dc-34baea285da2
258,Arthur Hammerstein,17f45b22-dbd2-4b58-bdd3-8f141458de6a,https://levy-test.mse.jhu.edu/jsonapi/taxonomy_term/creator_r/17f45b22-dbd2-4b58-bdd3-8f141458de6a
259,Arthur Schwartz,1f7d7c71-06ce-456b-ae4d-277f63cd64d9,https://levy-test.mse.jhu.edu/jsonapi/taxonomy_term/creator_r/1f7d7c71-06ce-456b-ae4d-277f63cd64d9
260,Arthur Siegel,20d59ac5-659a-41d8-b306-65c7c4006817,https://levy-test.mse.jhu.edu/jsonapi/taxonomy_term/creator_r/20d59ac5-659a-41d8-b306-65c7c4006817
261,Bert Grant,a5e16a90-8a64-45f5-9bd4-f9ab01e02190,https://levy-test.mse.jhu.edu/jsonapi/taxonomy_term/creator_r/a5e16a90-8a64-45f5-9bd4-f9ab01e02190
262,Bert Rule,ab4cb755-3097-4521-b842-71d76d9ddfe9,https://levy-test.mse.jhu.edu/jsonapi/taxonomy_term/creator_r/ab4cb755-3097-4521-b842-71d76d9ddfe9
263,Bobby Bloom,b9fc3aa1-197a-466c-b038-c328f6dd45e6,https://levy-test.mse.jhu.edu/jsonapi/taxonomy_term/creator_r/b9fc3aa1-197a-466c-b038-c328f6dd45e6
264,C.M. Ziehrer,469be498-043a-4367-a2da-25044bbd9948,https://levy-test.mse.jhu.edu/jsonapi/taxonomy_term/creator_r/469be498-043a-4367-a2da-25044bbd9948
265,Cecil Macklin,9eb290b5-78cb-4209-bf76-364b1ac50c68,https://levy-test.mse.jhu.edu/jsonapi/taxonomy_term/creator_r/9eb290b5-78cb-4209-bf76-364b1ac50c68
266,Chas. N. Daniels,8bddffbf-9c7a-40f7-a48d-e2076d0356fe,https://levy-test.mse.jhu.edu/jsonapi/taxonomy_term/creator_r/8bddffbf-9c7a-40f7-a48d-e2076d0356fe
267,Cole Porter,a72f3c8f-3e2f-4211-8485-f61e997928ee,https://levy-test.mse.jhu.edu/jsonapi/taxonomy_term/creator_r/a72f3c8f-3e2f-4211-8485-f61e997928ee
268,Con Conrad,9705517b-5e13-4359-93ec-8a20be925f3f,https://levy-test.mse.jhu.edu/jsonapi/taxonomy_term/creator_r/9705517b-5e13-4359-93ec-8a20be925f3f
269,David Stamper,832ddfe9-e372-4d55-86af-88cb8be233e2,https://levy-test.mse.jhu.edu/jsonapi/taxonomy_term/creator_r/832ddfe9-e372-4d55-86af-88cb8be233e2
270,Don Raye,440034e8-e70c-4152-80d2-8eaced20ac43,https://levy-test.mse.jhu.edu/jsonapi/taxonomy_term/creator_r/440034e8-e70c-4152-80d2-8eaced20ac43
271,Dudley Wilkinson,7da98a23-08f3-4719-a4c9-3ea4302ddcc2,https://levy-test.mse.jhu.edu/jsonapi/taxonomy_term/creator_r/7da98a23-08f3-4719-a4c9-3ea4302ddcc2
272,E. Ray Goetz,9432e37a-30b5-4e20-b560-aae7d82516ca,https://levy-test.mse.jhu.edu/jsonapi/taxonomy_term/creator_r/9432e37a-30b5-4e20-b560-aae7d82516ca
273,Eddie Dorr,c23088d0-5582-4918-828d-20f7f7f4ad94,https://levy-test.mse.jhu.edu/jsonapi/taxonomy_term/creator_r/c23088d0-5582-4918-828d-20f7f7f4ad94
274,Edgar Leslie,2dcf83e7-4acf-424f-93c6-3ee231a934c0,https://levy-test.mse.jhu.edu/jsonapi/taxonomy_term/creator_r/2dcf83e7-4acf-424f-93c6-3ee231a934c0
275,Edward Madden,dc123a74-c1fa-4b12-a6be-ecb3ac755fa8,https://levy-test.mse.jhu.edu/jsonapi/taxonomy_term/creator_r/dc123a74-c1fa-4b12-a6be-ecb3ac755fa8
276,Edwin J. Weber,0a2571db-a88a-4362-bd8b-151ad2e211be,https://levy-test.mse.jhu.edu/jsonapi/taxonomy_term/creator_r/0a2571db-a88a-4362-bd8b-151ad2e211be
277,Emmerich Kalman,a6a9c25c-63ee-4684-97cf-5001447a3ef2,https://levy-test.mse.jhu.edu/jsonapi/taxonomy_term/creator_r/a6a9c25c-63ee-4684-97cf-5001447a3ef2
278,Ethelbert Nevin,5c18da91-4628-41bc-abb3-c185011e4bce,https://levy-test.mse.jhu.edu/jsonapi/taxonomy_term/creator_r/5c18da91-4628-41bc-abb3-c185011e4bce
279,F.W. Meacham,a5e05b73-dde8-4f85-b691-abddbaa9f8a9,https://levy-test.mse.jhu.edu/jsonapi/taxonomy_term/creator_r/a5e05b73-dde8-4f85-b691-abddbaa9f8a9
280,Frank Loesser,af9bcbf8-17b3-4291-82bc-cf476b9f1c32,https://levy-test.mse.jhu.edu/jsonapi/taxonomy_term/creator_r/af9bcbf8-17b3-4291-82bc-cf476b9f1c32
281,Franz Schubert,b337b2d8-7986-4cbc-a4f8-316b4446fa23,https://levy-test.mse.jhu.edu/jsonapi/taxonomy_term/creator_r/b337b2d8-7986-4cbc-a4f8-316b4446fa23
282,Fred Fischer,6c8f0bb2-2836-4e06-b88a-f975d7a80039,https://levy-test.mse.jhu.edu/jsonapi/taxonomy_term/creator_r/6c8f0bb2-2836-4e06-b88a-f975d7a80039
283,Geo. W. Meyer,d5b0e0ea-cb3e-4afe-8342-d7bf81e427c2,https://levy-test.mse.jhu.edu/jsonapi/taxonomy_term/creator_r/d5b0e0ea-cb3e-4afe-8342-d7bf81e427c2
284,George Arthurs,892f4f93-a518-4bf3-9acd-36c3fd53234b,https://levy-test.mse.jhu.edu/jsonapi/taxonomy_term/creator_r/892f4f93-a518-4bf3-9acd-36c3fd53234b
285,George Botsford,70b97a5c-4838-4ab7-823c-9b5473d9cc99,https://levy-test.mse.jhu.edu/jsonapi/taxonomy_term/creator_r/70b97a5c-4838-4ab7-823c-9b5473d9cc99
286,George Gershwin,d11afc8a-2774-4b5f-b1cd-faf9b5abefa7,https://levy-test.mse.jhu.edu/jsonapi/taxonomy_term/creator_r/d11afc8a-2774-4b5f-b1cd-faf9b5abefa7
287,George M. Cohan,7024a872-0f2c-4dc2-8e8e-d11969823749,https://levy-test.mse.jhu.edu/jsonapi/taxonomy_term/creator_r/7024a872-0f2c-4dc2-8e8e-d11969823749
288,George Shearing,ae864f86-f2d6-44f4-a5ba-95ad195968e4,https://levy-test.mse.jhu.edu/jsonapi/taxonomy_term/creator_r/ae864f86-f2d6-44f4-a5ba-95ad195968e4
289,George W. Meyer,7edbd50a-17aa-4825-b236-9b9df05f1e2f,https://levy-test.mse.jhu.edu/jsonapi/taxonomy_term/creator_r/7edbd50a-17aa-4825-b236-9b9df05f1e2f
290,Gilbert C. Tennant,f002c302-790e-4868-a5ab-787912af31e5,https://levy-test.mse.jhu.edu/jsonapi/taxonomy_term/creator_r/f002c302-790e-4868-a5ab-787912af31e5
291,Gitz Rice,7cb13503-3d7a-4537-a196-4e8988ba0fe0,https://levy-test.mse.jhu.edu/jsonapi/taxonomy_term/creator_r/7cb13503-3d7a-4537-a196-4e8988ba0fe0
292,Halsey K. Mohr,f29e5c1a-5df2-407b-b143-2becc0a780a3,https://levy-test.mse.jhu.edu/jsonapi/taxonomy_term/creator_r/f29e5c1a-5df2-407b-b143-2becc0a780a3
293,Harold J. Rome,cae04c30-9ef1-4d6b-8688-bf8a9668a3ad,https://levy-test.mse.jhu.edu/jsonapi/taxonomy_term/creator_r/cae04c30-9ef1-4d6b-8688-bf8a9668a3ad
294,Harry Akst,d99b4411-fd35-46a6-8818-3a142069ca10,https://levy-test.mse.jhu.edu/jsonapi/taxonomy_term/creator_r/d99b4411-fd35-46a6-8818-3a142069ca10
295,Harry Carroll,45ae6bc0-cfee-497f-8c04-8df9a7afe77c,https://levy-test.mse.jhu.edu/jsonapi/taxonomy_term/creator_r/45ae6bc0-cfee-497f-8c04-8df9a7afe77c
296,Harry J. Lincoln,089b2373-fef8-459b-87f3-c42688aa36e9,https://levy-test.mse.jhu.edu/jsonapi/taxonomy_term/creator_r/089b2373-fef8-459b-87f3-c42688aa36e9
297,Harry Piani,c3373807-56c3-4818-b5ca-54936105c7ac,https://levy-test.mse.jhu.edu/jsonapi/taxonomy_term/creator_r/c3373807-56c3-4818-b5ca-54936105c7ac
298,Harry Tierney,d1b4ce84-c0a9-41ea-8387-966714aaacc1,https://levy-test.mse.jhu.edu/jsonapi/taxonomy_term/creator_r/d1b4ce84-c0a9-41ea-8387-966714aaacc1
299,Harry Von Tilzer,e4486ee7-836e-45eb-8366-c76d4f1739fe,https://levy-test.mse.jhu.edu/jsonapi/taxonomy_term/creator_r/e4486ee7-836e-45eb-8366-c76d4f1739fe
300,Harry Warren,d0e283bc-f1fd-4db6-9f96-13cb18593a15,https://levy-test.mse.jhu.edu/jsonapi/taxonomy_term/creator_r/d0e283bc-f1fd-4db6-9f96-13cb18593a15
301,Henrietta Blanke-Belcher,defabfe0-96a0-4ba3-bee6-9bcdde6b4d0b,https://levy-test.mse.jhu.edu/jsonapi/taxonomy_term/creator_r/defabfe0-96a0-4ba3-bee6-9bcdde6b4d0b
302,Henry I. Marshall,4593b1a1-e5e7-40ae-82db-7c3cab74d2b9,https://levy-test.mse.jhu.edu/jsonapi/taxonomy_term/creator_r/4593b1a1-e5e7-40ae-82db-7c3cab74d2b9
303,Henry Kailimai,f306f787-0f8a-41b9-a6ca-5b47133677b9,https://levy-test.mse.jhu.edu/jsonapi/taxonomy_term/creator_r/f306f787-0f8a-41b9-a6ca-5b47133677b9
304,Herbert Richard Lorenz,a955dcc3-6c11-4164-b6bf-2da3e112a997,https://levy-test.mse.jhu.edu/jsonapi/taxonomy_term/creator_r/a955dcc3-6c11-4164-b6bf-2da3e112a997
305,Herbert Stothart,de7f5356-f6d0-47e1-b0e0-6cecdda01164,https://levy-test.mse.jhu.edu/jsonapi/taxonomy_term/creator_r/de7f5356-f6d0-47e1-b0e0-6cecdda01164
306,Hermann Lohr,de236f84-4cf8-48dc-83c4-5c2b88c746fa,https://levy-test.mse.jhu.edu/jsonapi/taxonomy_term/creator_r/de236f84-4cf8-48dc-83c4-5c2b88c746fa
307,Hoagy Carmichael,00a94b51-24a8-4fcd-9041-9c00a197e637,https://levy-test.mse.jhu.edu/jsonapi/taxonomy_term/creator_r/00a94b51-24a8-4fcd-9041-9c00a197e637
308,Irving Berlin,66c16250-1f01-40ff-a769-3f28d3b315ea,https://levy-test.mse.jhu.edu/jsonapi/taxonomy_term/creator_r/66c16250-1f01-40ff-a769-3f28d3b315ea
309,Ivan Caryll,faf2d120-46f5-4b63-9c60-3edb96dbcd3b,https://levy-test.mse.jhu.edu/jsonapi/taxonomy_term/creator_r/faf2d120-46f5-4b63-9c60-3edb96dbcd3b
310,Ivor Novello,42a7dbc6-028e-4fc6-b272-5cfc06d1575b,https://levy-test.mse.jhu.edu/jsonapi/taxonomy_term/creator_r/42a7dbc6-028e-4fc6-b272-5cfc06d1575b
311,J. Anton Dailey,954cbe38-814f-4d14-8030-0306a32137e6,https://levy-test.mse.jhu.edu/jsonapi/taxonomy_term/creator_r/954cbe38-814f-4d14-8030-0306a32137e6
312,J.R. Shannon,6831e54b-1760-4f72-81ed-483530253458,https://levy-test.mse.jhu.edu/jsonapi/taxonomy_term/creator_r/6831e54b-1760-4f72-81ed-483530253458
313,Jack Egan,1b1c77cc-4862-43b6-8455-ea48ae701ab9,https://levy-test.mse.jhu.edu/jsonapi/taxonomy_term/creator_r/1b1c77cc-4862-43b6-8455-ea48ae701ab9
314,James Brockman,394d5fe8-4728-4df7-af4b-a35160bc09ca,https://levy-test.mse.jhu.edu/jsonapi/taxonomy_term/creator_r/394d5fe8-4728-4df7-af4b-a35160bc09ca
315,James Duffy,b4988add-d8fa-40c4-a1fc-4ea420b66e01,https://levy-test.mse.jhu.edu/jsonapi/taxonomy_term/creator_r/b4988add-d8fa-40c4-a1fc-4ea420b66e01
316,James Heard,067f73f3-5bcc-4282-94a3-ed928d41111b,https://levy-test.mse.jhu.edu/jsonapi/taxonomy_term/creator_r/067f73f3-5bcc-4282-94a3-ed928d41111b
317,James V. Monaco,5d64d879-16b1-42bf-851f-51788c548cfc,https://levy-test.mse.jhu.edu/jsonapi/taxonomy_term/creator_r/5d64d879-16b1-42bf-851f-51788c548cfc
318,Jean Schwartz,ccf2b0f3-eb7c-4228-91a1-9112420c12de,https://levy-test.mse.jhu.edu/jsonapi/taxonomy_term/creator_r/ccf2b0f3-eb7c-4228-91a1-9112420c12de
319,Jerome Kern,f071bca9-028e-49a3-8e0c-1713cbb2dfd9,https://levy-test.mse.jhu.edu/jsonapi/taxonomy_term/creator_r/f071bca9-028e-49a3-8e0c-1713cbb2dfd9
320,Joe Goodwin,a83f1c3f-526c-4185-8b9a-3d22cd7b72eb,https://levy-test.mse.jhu.edu/jsonapi/taxonomy_term/creator_r/a83f1c3f-526c-4185-8b9a-3d22cd7b72eb
321,John Golden,11c04458-c3f4-4994-b4e1-0522b2556d2d,https://levy-test.mse.jhu.edu/jsonapi/taxonomy_term/creator_r/11c04458-c3f4-4994-b4e1-0522b2556d2d
322,John Kander,a2b3f8ee-7467-437a-a9b3-388bbbe629fb,https://levy-test.mse.jhu.edu/jsonapi/taxonomy_term/creator_r/a2b3f8ee-7467-437a-a9b3-388bbbe629fb
323,John L. Golden,ac885137-8927-4108-9f22-7b908772ff6d,https://levy-test.mse.jhu.edu/jsonapi/taxonomy_term/creator_r/ac885137-8927-4108-9f22-7b908772ff6d
324,Jule Styne,6d01044c-f947-4a7c-90bb-ec66bdf2487e,https://levy-test.mse.jhu.edu/jsonapi/taxonomy_term/creator_r/6d01044c-f947-4a7c-90bb-ec66bdf2487e
325,Julian Robledo,e5fb193c-8da4-4f2a-993f-3cbb73061356,https://levy-test.mse.jhu.edu/jsonapi/taxonomy_term/creator_r/e5fb193c-8da4-4f2a-993f-3cbb73061356
326,Kendis And Paley,8fdbd72d-23fd-47c8-9e05-17ae4cd344fc,https://levy-test.mse.jhu.edu/jsonapi/taxonomy_term/creator_r/8fdbd72d-23fd-47c8-9e05-17ae4cd344fc
327,Kurt Weill,63d7afa1-539d-4049-9d15-7b0b65e8d4be,https://levy-test.mse.jhu.edu/jsonapi/taxonomy_term/creator_r/63d7afa1-539d-4049-9d15-7b0b65e8d4be
328,Lao Silesu,bd03aef3-098f-4c85-bd49-a3a1d1fc6a7d,https://levy-test.mse.jhu.edu/jsonapi/taxonomy_term/creator_r/bd03aef3-098f-4c85-bd49-a3a1d1fc6a7d
329,Leo Edwards,e80531a7-1e68-40ae-beb1-6c15644bc486,https://levy-test.mse.jhu.edu/jsonapi/taxonomy_term/creator_r/e80531a7-1e68-40ae-beb1-6c15644bc486
330,Leo Fall,3875f871-65b2-40df-b98b-feed98aa4cbb,https://levy-test.mse.jhu.edu/jsonapi/taxonomy_term/creator_r/3875f871-65b2-40df-b98b-feed98aa4cbb
331,Leon Flatow,98016ad6-baac-4662-88e1-4a4cc6a07965,https://levy-test.mse.jhu.edu/jsonapi/taxonomy_term/creator_r/98016ad6-baac-4662-88e1-4a4cc6a07965
332,Leonard Bernstein,e8783c6d-fd24-44c4-bd93-65d5cc0a7123,https://levy-test.mse.jhu.edu/jsonapi/taxonomy_term/creator_r/e8783c6d-fd24-44c4-bd93-65d5cc0a7123
333,Leslie Stuart,5f4b332e-77fd-42cd-9229-439259839134,https://levy-test.mse.jhu.edu/jsonapi/taxonomy_term/creator_r/5f4b332e-77fd-42cd-9229-439259839134
334,Lewis E. Gensler,c32619b3-c309-46ee-988e-840457e779e0,https://levy-test.mse.jhu.edu/jsonapi/taxonomy_term/creator_r/c32619b3-c309-46ee-988e-840457e779e0
335,Lorenz Hart,8a9d11e5-0252-4f0d-817a-1fd587a0dd7d,https://levy-test.mse.jhu.edu/jsonapi/taxonomy_term/creator_r/8a9d11e5-0252-4f0d-817a-1fd587a0dd7d
336,Mack Gordon,ca2cbe27-618e-45f7-8a88-26e58c471c6e,https://levy-test.mse.jhu.edu/jsonapi/taxonomy_term/creator_r/ca2cbe27-618e-45f7-8a88-26e58c471c6e
337,Marshall M. Bartholomew,331fdb50-2927-431f-a3c8-f58660f1200f,https://levy-test.mse.jhu.edu/jsonapi/taxonomy_term/creator_r/331fdb50-2927-431f-a3c8-f58660f1200f
338,Maurice Abrahams,e3dd7233-17a4-4744-9e1c-2a892ad9c0a4,https://levy-test.mse.jhu.edu/jsonapi/taxonomy_term/creator_r/e3dd7233-17a4-4744-9e1c-2a892ad9c0a4
339,Maurice Yvain,5926a8d9-4a66-4be7-901b-22f94011ce3e,https://levy-test.mse.jhu.edu/jsonapi/taxonomy_term/creator_r/5926a8d9-4a66-4be7-901b-22f94011ce3e
340,Max C. Eugene,da83e106-1c79-4c32-b9c6-7878439929c6,https://levy-test.mse.jhu.edu/jsonapi/taxonomy_term/creator_r/da83e106-1c79-4c32-b9c6-7878439929c6
341,Max Kortlander,857aa73e-1785-4458-92e3-d1e368496e0e,https://levy-test.mse.jhu.edu/jsonapi/taxonomy_term/creator_r/857aa73e-1785-4458-92e3-d1e368496e0e
342,Max Steiner,812ca557-b25a-4d96-b05c-fbf6e3581686,https://levy-test.mse.jhu.edu/jsonapi/taxonomy_term/creator_r/812ca557-b25a-4d96-b05c-fbf6e3581686
343,Melville Gideon,26c8b743-6db2-4df4-9c58-285d80b56f49,https://levy-test.mse.jhu.edu/jsonapi/taxonomy_term/creator_r/26c8b743-6db2-4df4-9c58-285d80b56f49
344,Morris Albert,08bebe70-ef1d-4ee6-a542-56082856b15b,https://levy-test.mse.jhu.edu/jsonapi/taxonomy_term/creator_r/08bebe70-ef1d-4ee6-a542-56082856b15b
345,Mort Dixon,9b5e6706-5986-4d67-b255-e4bc53e701d2,https://levy-test.mse.jhu.edu/jsonapi/taxonomy_term/creator_r/9b5e6706-5986-4d67-b255-e4bc53e701d2
346,Nat D. Ayer,c6067a1d-4407-4e78-8e40-95967ac29a52,https://levy-test.mse.jhu.edu/jsonapi/taxonomy_term/creator_r/c6067a1d-4407-4e78-8e40-95967ac29a52
347,Noel Coward,a959ea8f-8574-46cf-b1e5-ed8179d24b04,https://levy-test.mse.jhu.edu/jsonapi/taxonomy_term/creator_r/a959ea8f-8574-46cf-b1e5-ed8179d24b04
348,Oliver G. Wallace,d3ea4f56-b4fa-4d46-bef7-b0633792653d,https://levy-test.mse.jhu.edu/jsonapi/taxonomy_term/creator_r/d3ea4f56-b4fa-4d46-bef7-b0633792653d
349,Oscar Straus,30d20f84-be47-42eb-a0d3-60f8f6456a5f,https://levy-test.mse.jhu.edu/jsonapi/taxonomy_term/creator_r/30d20f84-be47-42eb-a0d3-60f8f6456a5f
350,Otto Motzan,4e56e6ad-cf63-4230-a40a-8cbcbb701e0b,https://levy-test.mse.jhu.edu/jsonapi/taxonomy_term/creator_r/4e56e6ad-cf63-4230-a40a-8cbcbb701e0b
351,Paul Morton,683b0f95-36e8-44c4-8362-e305e6908621,https://levy-test.mse.jhu.edu/jsonapi/taxonomy_term/creator_r/683b0f95-36e8-44c4-8362-e305e6908621
352,Paul Simon,91b47045-1c38-48e3-a519-bd24a61994f0,https://levy-test.mse.jhu.edu/jsonapi/taxonomy_term/creator_r/91b47045-1c38-48e3-a519-bd24a61994f0
353,Percy Wenrich,968ac14c-7c57-4415-9588-fdcdda669dbb,https://levy-test.mse.jhu.edu/jsonapi/taxonomy_term/creator_r/968ac14c-7c57-4415-9588-fdcdda669dbb
354,Pete Wendling,a44ccb4a-5aba-46ba-a678-b7e39aa4f3e2,https://levy-test.mse.jhu.edu/jsonapi/taxonomy_term/creator_r/a44ccb4a-5aba-46ba-a678-b7e39aa4f3e2
355,Raymond B. Egan,51104e36-6393-4f93-b60d-b4d7d18aee3d,https://levy-test.mse.jhu.edu/jsonapi/taxonomy_term/creator_r/51104e36-6393-4f93-b60d-b4d7d18aee3d
356,Raymond Hubbell,f69508a7-494f-4e8d-8867-c9e617b9e781,https://levy-test.mse.jhu.edu/jsonapi/taxonomy_term/creator_r/f69508a7-494f-4e8d-8867-c9e617b9e781
357,Richard Rodgers,088dc11e-c09e-44c7-a2aa-42bd60b11e69,https://levy-test.mse.jhu.edu/jsonapi/taxonomy_term/creator_r/088dc11e-c09e-44c7-a2aa-42bd60b11e69
358,Robert Stolz,3c79a219-727d-433b-8297-beb48f4c0999,https://levy-test.mse.jhu.edu/jsonapi/taxonomy_term/creator_r/3c79a219-727d-433b-8297-beb48f4c0999
359,Rosamond Johnson,14861472-c1fd-46be-9a9c-283a68586240,https://levy-test.mse.jhu.edu/jsonapi/taxonomy_term/creator_r/14861472-c1fd-46be-9a9c-283a68586240
360,Roy Turk,33b3c099-ce18-4928-ad43-02b4b28ae669,https://levy-test.mse.jhu.edu/jsonapi/taxonomy_term/creator_r/33b3c099-ce18-4928-ad43-02b4b28ae669
361,Sammy Fain,7860e729-c2e8-43bf-bfdf-e76aa3b34c88,https://levy-test.mse.jhu.edu/jsonapi/taxonomy_term/creator_r/7860e729-c2e8-43bf-bfdf-e76aa3b34c88
362,Schuyler Greene,fb7056ef-b917-4185-b91d-ce36def18a5a,https://levy-test.mse.jhu.edu/jsonapi/taxonomy_term/creator_r/fb7056ef-b917-4185-b91d-ce36def18a5a
363,Seymour Furth,c9135a9c-5944-475d-ae57-83408cabc56a,https://levy-test.mse.jhu.edu/jsonapi/taxonomy_term/creator_r/c9135a9c-5944-475d-ae57-83408cabc56a
364,Sheldon M. Harnick,2330e376-1ba8-408e-8986-452770121783,https://levy-test.mse.jhu.edu/jsonapi/taxonomy_term/creator_r/2330e376-1ba8-408e-8986-452770121783
365,Sigmund Romberg,53f4b612-2a34-4576-8711-2aa7ff543607,https://levy-test.mse.jhu.edu/jsonapi/taxonomy_term/creator_r/53f4b612-2a34-4576-8711-2aa7ff543607
366,T. Lawrason Riggs,18b43634-146a-4668-aa6d-d9af7a1d5faa,https://levy-test.mse.jhu.edu/jsonapi/taxonomy_term/creator_r/18b43634-146a-4668-aa6d-d9af7a1d5faa
367,Ted Snyder,591630a2-2ac7-4a13-831a-ac95c2fdb955,https://levy-test.mse.jhu.edu/jsonapi/taxonomy_term/creator_r/591630a2-2ac7-4a13-831a-ac95c2fdb955
368,Tom Mellor,42ff1baf-34be-43f7-b6c9-833baacb92d2,https://levy-test.mse.jhu.edu/jsonapi/taxonomy_term/creator_r/42ff1baf-34be-43f7-b6c9-833baacb92d2
369,Tony Jackson,3a17adfc-4fe2-4997-ba92-455ffa74f721,https://levy-test.mse.jhu.edu/jsonapi/taxonomy_term/creator_r/3a17adfc-4fe2-4997-ba92-455ffa74f721
370,Vaughn De Leath,4c07006c-1e99-4ca3-80f3-363bd44d72e5,https://levy-test.mse.jhu.edu/jsonapi/taxonomy_term/creator_r/4c07006c-1e99-4ca3-80f3-363bd44d72e5
371,Victor Herbert,906fa01d-88f4-496a-a0fd-57f79875f301,https://levy-test.mse.jhu.edu/jsonapi/taxonomy_term/creator_r/906fa01d-88f4-496a-a0fd-57f79875f301
372,Victor Schertzinger,adfb36d5-e375-48e3-a73a-9a788a892012,https://levy-test.mse.jhu.edu/jsonapi/taxonomy_term/creator_r/adfb36d5-e375-48e3-a73a-9a788a892012
373,Vincent Rose,b3c942d5-a4c4-41c4-8967-d85a46776b22,https://levy-test.mse.jhu.edu/jsonapi/taxonomy_term/creator_r/b3c942d5-a4c4-41c4-8967-d85a46776b22
374,Vincent Youmans,74a70416-2b12-4328-80b6-066e3675dd09,https://levy-test.mse.jhu.edu/jsonapi/taxonomy_term/creator_r/74a70416-2b12-4328-80b6-066e3675dd09
375,Walter Donaldson,1c382379-c3b0-46e0-8370-4cde261a513c,https://levy-test.mse.jhu.edu/jsonapi/taxonomy_term/creator_r/1c382379-c3b0-46e0-8370-4cde261a513c
376,Walter Kollo,62233a70-16b0-41a3-991f-963b4edb0d20,https://levy-test.mse.jhu.edu/jsonapi/taxonomy_term/creator_r/62233a70-16b0-41a3-991f-963b4edb0d20
377,Will Grosz,2bf694b9-18bb-45cc-a15f-e033b5d4dca4,https://levy-test.mse.jhu.edu/jsonapi/taxonomy_term/creator_r/2bf694b9-18bb-45cc-a15f-e033b5d4dca4
378,Will R. Anderson,54f71222-680c-4153-9c3d-acf33e54c928,https://levy-test.mse.jhu.edu/jsonapi/taxonomy_term/creator_r/54f71222-680c-4153-9c3d-acf33e54c928
379,William Daly,838ab04e-7a83-4d9c-ae2a-6c76ed482d8b,https://levy-test.mse.jhu.edu/jsonapi/taxonomy_term/creator_r/838ab04e-7a83-4d9c-ae2a-6c76ed482d8b
380,Worton David,f456acf0-c220-4623-bb42-2f7a5793fb42,https://levy-test.mse.jhu.edu/jsonapi/taxonomy_term/creator_r/f456acf0-c220-4623-bb42-2f7a5793fb42
381,"""This Is The Army"" Inc.",2edcd5a7-cc81-4166-b2d0-2a2a91cf595e,https://levy-test.mse.jhu.edu/jsonapi/taxonomy_term/publishers/2edcd5a7-cc81-4166-b2d0-2a2a91cf595e
382,Algonquin Music Inc.,2fb3cb1d-494d-45f5-a7a8-9e22c4038c42,https://levy-test.mse.jhu.edu/jsonapi/taxonomy_term/publishers/2fb3cb1d-494d-45f5-a7a8-9e22c4038c42
383,"Ascherberg, Hopwood & Crew, Ltd. London",85610030-372e-441a-8836-5d8bb2a8988e,https://levy-test.mse.jhu.edu/jsonapi/taxonomy_term/publishers/85610030-372e-441a-8836-5d8bb2a8988e
384,Broadcast Music Inc.,be1ec0e1-4ba9-4ef3-a61c-a78cc1ca4c48,https://levy-test.mse.jhu.edu/jsonapi/taxonomy_term/publishers/be1ec0e1-4ba9-4ef3-a61c-a78cc1ca4c48
385,Broadway Music Corporation,916d52d8-18ea-4a69-9f76-c1daa51828ac,https://levy-test.mse.jhu.edu/jsonapi/taxonomy_term/publishers/916d52d8-18ea-4a69-9f76-c1daa51828ac
386,"Burke & Van Heusen, Inc.",61ab96a8-1990-4554-8ef2-f6bd38948168,https://levy-test.mse.jhu.edu/jsonapi/taxonomy_term/publishers/61ab96a8-1990-4554-8ef2-f6bd38948168
387,"Buxton Hill Music Corporation, New York, N.Y.",572a9d8c-62b1-42cf-8b6d-294c5a7609e4,https://levy-test.mse.jhu.edu/jsonapi/taxonomy_term/publishers/572a9d8c-62b1-42cf-8b6d-294c5a7609e4
388,Calumet Music Co.,83843737-51bb-44a4-8df4-56002c04b654,https://levy-test.mse.jhu.edu/jsonapi/taxonomy_term/publishers/83843737-51bb-44a4-8df4-56002c04b654
389,Cary & Co.,0a38487f-32df-4c2f-9097-dc83de1008a1,https://levy-test.mse.jhu.edu/jsonapi/taxonomy_term/publishers/0a38487f-32df-4c2f-9097-dc83de1008a1
390,Chappell & Co Inc.,e6b21492-9825-40fa-94c2-1fc28c7667a8,https://levy-test.mse.jhu.edu/jsonapi/taxonomy_term/publishers/e6b21492-9825-40fa-94c2-1fc28c7667a8
391,Chappell & Co. Inc.,087025c5-ee46-4699-abe7-4c9867355213,https://levy-test.mse.jhu.edu/jsonapi/taxonomy_term/publishers/087025c5-ee46-4699-abe7-4c9867355213
392,Chappell & Co. Inc. Rko Building Rockefeller Center,6b9a107f-bf25-4bda-8366-d4637e43230f,https://levy-test.mse.jhu.edu/jsonapi/taxonomy_term/publishers/6b9a107f-bf25-4bda-8366-d4637e43230f
393,"Chappell & Co. Inc., Nyc",991a6ca1-081b-4353-9e53-6ea749f88884,https://levy-test.mse.jhu.edu/jsonapi/taxonomy_term/publishers/991a6ca1-081b-4353-9e53-6ea749f88884
394,"Chappell & Co. Ltd. 50 New Bond Street, London",6aac0080-a834-4703-847b-081254f54fd2,https://levy-test.mse.jhu.edu/jsonapi/taxonomy_term/publishers/6aac0080-a834-4703-847b-081254f54fd2
395,"Chappell & Co. Rko Building, Rockefeller Center",aaa62c95-9ec1-452a-bfc6-70e5d4696245,https://levy-test.mse.jhu.edu/jsonapi/taxonomy_term/publishers/aaa62c95-9ec1-452a-bfc6-70e5d4696245
396,"Chappell & Co., Inc., N.Y.C.",9b126894-d534-494e-a54f-1dfdbd4b6746,https://levy-test.mse.jhu.edu/jsonapi/taxonomy_term/publishers/9b126894-d534-494e-a54f-1dfdbd4b6746
397,"Chappell & Co., Ltd. 50, New Bond Street, London",ee068c84-bf8d-4d74-99df-059543454aa7,https://levy-test.mse.jhu.edu/jsonapi/taxonomy_term/publishers/ee068c84-bf8d-4d74-99df-059543454aa7
398,"Chappell S.A. 4, Rue D'Argenson Paris",e24ffef7-a38f-49e4-b2d2-19c07299dac4,https://levy-test.mse.jhu.edu/jsonapi/taxonomy_term/publishers/e24ffef7-a38f-49e4-b2d2-19c07299dac4
399,"Chappell S.A. 86, Bd. Haussmann, Paris.",10af1209-1f86-4579-bf23-d3271d1e2270,https://levy-test.mse.jhu.edu/jsonapi/taxonomy_term/publishers/10af1209-1f86-4579-bf23-d3271d1e2270
400,Charing Cross Music,c37f3a3b-c5e1-4116-9535-b5b97cae0084,https://levy-test.mse.jhu.edu/jsonapi/taxonomy_term/publishers/c37f3a3b-c5e1-4116-9535-b5b97cae0084
401,"Crawford Music Corp. Rko Building Rockefeller Center, New York",c763eaa5-3446-45dc-8ed3-3bcfc83d5d94,https://levy-test.mse.jhu.edu/jsonapi/taxonomy_term/publishers/c763eaa5-3446-45dc-8ed3-3bcfc83d5d94
402,"De Sylva, Brown & Henderson, Inc.",f4872e60-5757-443b-8a57-31076c41742e,https://levy-test.mse.jhu.edu/jsonapi/taxonomy_term/publishers/f4872e60-5757-443b-8a57-31076c41742e
403,"De Sylva, Brown And Henderson, Inc.",941824e5-3c7d-438f-bbad-e117f54ffa98,https://levy-test.mse.jhu.edu/jsonapi/taxonomy_term/publishers/941824e5-3c7d-438f-bbad-e117f54ffa98
404,"Desylva, Brown & Henderson Inc.",2cfbe157-ea4d-41b0-941a-9edf63ad2abc,https://levy-test.mse.jhu.edu/jsonapi/taxonomy_term/publishers/2cfbe157-ea4d-41b0-941a-9edf63ad2abc
405,Editions Francis Salabert Paris,c0124c4a-5587-472f-b8fb-35e2d3ba59da,https://levy-test.mse.jhu.edu/jsonapi/taxonomy_term/publishers/c0124c4a-5587-472f-b8fb-35e2d3ba59da
406,Edw. B. Marks Music Co.,b4ad2782-c0d0-431d-84e6-0f2d30a4d95b,https://levy-test.mse.jhu.edu/jsonapi/taxonomy_term/publishers/b4ad2782-c0d0-431d-84e6-0f2d30a4d95b
407,Edward B. Marks Music Co.,7c0a1555-c4ed-4dcc-aa17-d55f0c6d3770,https://levy-test.mse.jhu.edu/jsonapi/taxonomy_term/publishers/7c0a1555-c4ed-4dcc-aa17-d55f0c6d3770
408,Famous Music Corp.,4cc71d97-abe6-4b06-ab17-d2581282e777,https://levy-test.mse.jhu.edu/jsonapi/taxonomy_term/publishers/4cc71d97-abe6-4b06-ab17-d2581282e777
409,"Fermata International Melodies, Inc.",15661c69-aff9-471c-bc14-16847cf4e673,https://levy-test.mse.jhu.edu/jsonapi/taxonomy_term/publishers/15661c69-aff9-471c-bc14-16847cf4e673
410,G. Schirmer Jr.,d1dac5c6-54b3-4ed0-94de-cff97b55113b,https://levy-test.mse.jhu.edu/jsonapi/taxonomy_term/publishers/d1dac5c6-54b3-4ed0-94de-cff97b55113b
411,George Gershwin Publishing Corporation; Chappell & Co. Inc. Rko Building New York N.Y.,d991039b-23d9-4d8b-848b-4091150d12aa,https://levy-test.mse.jhu.edu/jsonapi/taxonomy_term/publishers/d991039b-23d9-4d8b-848b-4091150d12aa
412,"Gershwin Publishing Corporation & New Dawn Music Corporation, Chappel & Co Inc.",dc83a1e0-e73e-419c-a7d5-30e6203c18c7,https://levy-test.mse.jhu.edu/jsonapi/taxonomy_term/publishers/dc83a1e0-e73e-419c-a7d5-30e6203c18c7
413,"Gershwin Publishing Corporation; Chappell & Co., Inc., 609 Fifth Avenue, New York, N.Y. 10017",33c78399-6708-4a85-9db9-a4243f10c0ad,https://levy-test.mse.jhu.edu/jsonapi/taxonomy_term/publishers/33c78399-6708-4a85-9db9-a4243f10c0ad
414,"Gershwin Publishing Corporation; Chappell & Co., Inc., 609 Fifth Avenue, New York, N.Y. 10018",21910e27-9829-4097-899c-9ee537c3ca65,https://levy-test.mse.jhu.edu/jsonapi/taxonomy_term/publishers/21910e27-9829-4097-899c-9ee537c3ca65
415,"Gershwin Publishing Corporation; Chappell & Co., Inc., 609 Fifth Avenue, New York, N.Y. 10019",4c35a227-01d0-4625-bff0-0b1ad72d87e4,https://levy-test.mse.jhu.edu/jsonapi/taxonomy_term/publishers/4c35a227-01d0-4625-bff0-0b1ad72d87e4
416,"Harms Inc., New York",073182e4-96f4-4f03-a9db-a15fff929583,https://levy-test.mse.jhu.edu/jsonapi/taxonomy_term/publishers/073182e4-96f4-4f03-a9db-a15fff929583
417,Harry Williams Music Co. 154 W. 46Th St.,42446cc0-c2e0-4b1a-b4e5-d885a80f636e,https://levy-test.mse.jhu.edu/jsonapi/taxonomy_term/publishers/42446cc0-c2e0-4b1a-b4e5-d885a80f636e
418,"Henry Morgenthau Jr., Secretary Of The Treasury, Washington Dc.",1720ee16-8b27-41c5-9022-928cea2b3baa,https://levy-test.mse.jhu.edu/jsonapi/taxonomy_term/publishers/1720ee16-8b27-41c5-9022-928cea2b3baa
419,"Herman Darewski Music Pub. Co, London, And Leo Feist Inc., N.Y.",a584b4c2-030c-456d-b5be-ce1b31c5a0fd,https://levy-test.mse.jhu.edu/jsonapi/taxonomy_term/publishers/a584b4c2-030c-456d-b5be-ce1b31c5a0fd
420,"Herman Darewski Music Publishing Co., 142, Charing Cross Road, London.",524bf513-aa26-4807-8ff2-8ebf2e9defad,https://levy-test.mse.jhu.edu/jsonapi/taxonomy_term/publishers/524bf513-aa26-4807-8ff2-8ebf2e9defad
421,Irving Berlin Inc.,309bd79f-dd8f-4a37-bb15-c5b23d83d0dd,https://levy-test.mse.jhu.edu/jsonapi/taxonomy_term/publishers/309bd79f-dd8f-4a37-bb15-c5b23d83d0dd
422,Irving Berlin Inc. 1571 Broadway,8258115e-7877-4f33-8d87-5d97bd011c03,https://levy-test.mse.jhu.edu/jsonapi/taxonomy_term/publishers/8258115e-7877-4f33-8d87-5d97bd011c03
423,Irving Berlin Inc. 1587 Broadway,b33a5073-5771-4a6f-8c18-f1131fb862a1,https://levy-test.mse.jhu.edu/jsonapi/taxonomy_term/publishers/b33a5073-5771-4a6f-8c18-f1131fb862a1
424,Irving Berlin Inc. 1607 Broadway,90c47ed4-a0c9-471c-8684-54ac26705185,https://levy-test.mse.jhu.edu/jsonapi/taxonomy_term/publishers/90c47ed4-a0c9-471c-8684-54ac26705185
425,Irving Berlin Inc. 799 Seventh Ave.,86612ad0-701b-482f-934d-060c81a37232,https://levy-test.mse.jhu.edu/jsonapi/taxonomy_term/publishers/86612ad0-701b-482f-934d-060c81a37232
426,Irving Berlin Music Corporation. 1290 Avenue Of The Americas.,8a0bd681-ea54-491b-b580-6ce1d66d096f,https://levy-test.mse.jhu.edu/jsonapi/taxonomy_term/publishers/8a0bd681-ea54-491b-b580-6ce1d66d096f
427,Irving Berlin Music Corporation. 1650 Broadway,526321a9-1041-49d7-becc-6383808bfeea,https://levy-test.mse.jhu.edu/jsonapi/taxonomy_term/publishers/526321a9-1041-49d7-becc-6383808bfeea
428,"Irving Berlin, Inc.",c8526ac7-3538-452e-b507-75b1068aa1ac,https://levy-test.mse.jhu.edu/jsonapi/taxonomy_term/publishers/c8526ac7-3538-452e-b507-75b1068aa1ac
429,Jerome H. Remick & Co. Detroit,1726c691-25f9-4378-ad1c-0db92c54f7f0,https://levy-test.mse.jhu.edu/jsonapi/taxonomy_term/publishers/1726c691-25f9-4378-ad1c-0db92c54f7f0
430,Lee S. Roberts,b2940543-4dd5-40f0-b3b2-6eeb1d3687f3,https://levy-test.mse.jhu.edu/jsonapi/taxonomy_term/publishers/b2940543-4dd5-40f0-b3b2-6eeb1d3687f3
431,"Leo Feist, Inc. Feist Building, N.Y.",2471a4b6-026f-47d9-a0e6-68156cb0318e,https://levy-test.mse.jhu.edu/jsonapi/taxonomy_term/publishers/2471a4b6-026f-47d9-a0e6-68156cb0318e
432,London-Herman Darewski Music Pub. Co.,a8206d70-4087-4067-b480-a4182ee21e62,https://levy-test.mse.jhu.edu/jsonapi/taxonomy_term/publishers/a8206d70-4087-4067-b480-a4182ee21e62
433,Marlo Music Corporation,34632874-7b44-4138-9de1-e64598f288c7,https://levy-test.mse.jhu.edu/jsonapi/taxonomy_term/publishers/34632874-7b44-4138-9de1-e64598f288c7
434,Maurice Abrahams Music Co. Inc.,6e0b1920-85dd-49d1-a4aa-dd54b65abe4d,https://levy-test.mse.jhu.edu/jsonapi/taxonomy_term/publishers/6e0b1920-85dd-49d1-a4aa-dd54b65abe4d
435,Mccarthy & Fisher Inc.,1b8f74da-cb3d-4c90-9583-84f75721cb4c,https://levy-test.mse.jhu.edu/jsonapi/taxonomy_term/publishers/1b8f74da-cb3d-4c90-9583-84f75721cb4c
436,Mckinley Music Co.,006d09c5-710f-4372-96dd-fcf4ac17b3a0,https://levy-test.mse.jhu.edu/jsonapi/taxonomy_term/publishers/006d09c5-710f-4372-96dd-fcf4ac17b3a0
437,Norworth Publishing Co.,10e65a44-6948-490a-9bf4-7ce38216b944,https://levy-test.mse.jhu.edu/jsonapi/taxonomy_term/publishers/10e65a44-6948-490a-9bf4-7ce38216b944
438,Paramount Productions Music Corp.,c520c7d0-e260-4d04-867f-a1d1fa6e1e04,https://levy-test.mse.jhu.edu/jsonapi/taxonomy_term/publishers/c520c7d0-e260-4d04-867f-a1d1fa6e1e04
439,Patricia Music Publishing Corp.,0d9493c4-4b4c-44d9-934f-081848d8c5e0,https://levy-test.mse.jhu.edu/jsonapi/taxonomy_term/publishers/0d9493c4-4b4c-44d9-934f-081848d8c5e0
440,"Piedmont Music Company, Inc. New York, N.Y. 10019",8a094503-9738-4674-8326-aca5cb408a28,https://levy-test.mse.jhu.edu/jsonapi/taxonomy_term/publishers/8a094503-9738-4674-8326-aca5cb408a28
441,"Santly-Joy, Inc.",ccfecbf0-9a7b-4b7e-93d9-da1e8ee129ff,https://levy-test.mse.jhu.edu/jsonapi/taxonomy_term/publishers/ccfecbf0-9a7b-4b7e-93d9-da1e8ee129ff
442,"T.B Harms And Francis, Day & Hunter",8b29cb6d-b2f9-440f-8528-bca6402bd016,https://levy-test.mse.jhu.edu/jsonapi/taxonomy_term/publishers/8b29cb6d-b2f9-440f-8528-bca6402bd016
443,T.B. Harms & Co. New York,eb7ab7db-4996-4e02-ac66-d83e865cd93a,https://levy-test.mse.jhu.edu/jsonapi/taxonomy_term/publishers/eb7ab7db-4996-4e02-ac66-d83e865cd93a
444,"T.B. Harms & Francis, Day & Hunter",ef0c3774-8232-4049-b0c8-e7f9c29fd255,https://levy-test.mse.jhu.edu/jsonapi/taxonomy_term/publishers/ef0c3774-8232-4049-b0c8-e7f9c29fd255
445,"T.B. Harms & Francis, Day & Hunter 62-64 W. 45Th St.",77fba3b3-89c5-43d3-b84f-5d3e2724b34a,https://levy-test.mse.jhu.edu/jsonapi/taxonomy_term/publishers/77fba3b3-89c5-43d3-b84f-5d3e2724b34a
446,"T.B. Harms & Francis, Day & Hunter And Jerome H. Remick & Co., N.Y.",28438443-2b8b-4ebb-94b3-9b09fa0b2379,https://levy-test.mse.jhu.edu/jsonapi/taxonomy_term/publishers/28438443-2b8b-4ebb-94b3-9b09fa0b2379
447,"T.B. Harms & Francis, Day Inc. New York",75c6dad9-f902-4ac0-8145-afac97843b23,https://levy-test.mse.jhu.edu/jsonapi/taxonomy_term/publishers/75c6dad9-f902-4ac0-8145-afac97843b23
448,"T.B. Harms & Francis, Day, & Hunter, N.Y.",b6e68dcf-2320-4d46-b222-1726e2d03d66,https://levy-test.mse.jhu.edu/jsonapi/taxonomy_term/publishers/b6e68dcf-2320-4d46-b222-1726e2d03d66
449,T.B. Harms Co. 126 W 44Th St.,e2e6f4c5-df79-4407-9806-d88f10828c30,https://levy-test.mse.jhu.edu/jsonapi/taxonomy_term/publishers/e2e6f4c5-df79-4407-9806-d88f10828c30
450,T.B. Harms Co. 1431 Broadway,29e0879f-0afe-4fff-a5d6-d5748bbfad28,https://levy-test.mse.jhu.edu/jsonapi/taxonomy_term/publishers/29e0879f-0afe-4fff-a5d6-d5748bbfad28
451,T.B. Harms Co. 1431-1433 Broadway,0e10704e-3dd0-4ae6-9221-b3cc5e3cdc61,https://levy-test.mse.jhu.edu/jsonapi/taxonomy_term/publishers/0e10704e-3dd0-4ae6-9221-b3cc5e3cdc61
452,T.B. Harms Co. 1619 Broadway,1a973a48-d35b-4439-97fe-098243795318,https://levy-test.mse.jhu.edu/jsonapi/taxonomy_term/publishers/1a973a48-d35b-4439-97fe-098243795318
453,T.B. Harms Co. 18 E. 22Nd St.,3b902ad8-65d6-408f-b355-43aa655db599,https://levy-test.mse.jhu.edu/jsonapi/taxonomy_term/publishers/3b902ad8-65d6-408f-b355-43aa655db599
454,T.B. Harms Co. 62 W. 45Th St.,44b29d7e-b0dd-42fe-aa50-b3e057ad4a3b,https://levy-test.mse.jhu.edu/jsonapi/taxonomy_term/publishers/44b29d7e-b0dd-42fe-aa50-b3e057ad4a3b
455,T.B. Harms Co. New York,fbaa78dd-b3ae-4ce1-9ea5-4c6ba30d0b35,https://levy-test.mse.jhu.edu/jsonapi/taxonomy_term/publishers/fbaa78dd-b3ae-4ce1-9ea5-4c6ba30d0b35
456,"T.B. Harms Co., New York",adbba09a-9634-4bbd-8eff-fb51f8455a53,https://levy-test.mse.jhu.edu/jsonapi/taxonomy_term/publishers/adbba09a-9634-4bbd-8eff-fb51f8455a53
457,"T.B. Harms Co., Rko Building, Rockefeller Center",29fa6d7b-20fa-41a6-8e4a-9b0c43045337,https://levy-test.mse.jhu.edu/jsonapi/taxonomy_term/publishers/29fa6d7b-20fa-41a6-8e4a-9b0c43045337
458,"T.B. Harms Comp., New York",c6225f88-1ecd-4ba1-b928-f529e4f3a312,https://levy-test.mse.jhu.edu/jsonapi/taxonomy_term/publishers/c6225f88-1ecd-4ba1-b928-f529e4f3a312
459,"T.B. Harms Company, New York",d442c858-efbc-47b6-ac15-8652e4e5d1f9,https://levy-test.mse.jhu.edu/jsonapi/taxonomy_term/publishers/d442c858-efbc-47b6-ac15-8652e4e5d1f9
460,"T.B. Harms Inc., New York",94cd8bff-f23c-4656-85db-35e954ac71c6,https://levy-test.mse.jhu.edu/jsonapi/taxonomy_term/publishers/94cd8bff-f23c-4656-85db-35e954ac71c6
461,"T.B. Harms, Co. New York",9b879f15-7ca3-47a1-a799-2d5d1f276ffb,https://levy-test.mse.jhu.edu/jsonapi/taxonomy_term/publishers/9b879f15-7ca3-47a1-a799-2d5d1f276ffb
462,Ted Snyder Co.,d12fc894-93ef-4dd5-92ef-177e818c587d,https://levy-test.mse.jhu.edu/jsonapi/taxonomy_term/publishers/d12fc894-93ef-4dd5-92ef-177e818c587d
463,Ted Snyder Co. 112 W. 38Th St.,bea15a5e-630e-4574-8f5e-b012a2d5c0e5,https://levy-test.mse.jhu.edu/jsonapi/taxonomy_term/publishers/bea15a5e-630e-4574-8f5e-b012a2d5c0e5
464,"The ""Rex"" Music Pub. Co.",ef330576-e78d-4fa6-90f7-fd41ca646fce,https://levy-test.mse.jhu.edu/jsonapi/taxonomy_term/publishers/ef330576-e78d-4fa6-90f7-fd41ca646fce
465,This Is The Army Inc.,adc0f942-bafb-42b9-9bff-64ed1410f889,https://levy-test.mse.jhu.edu/jsonapi/taxonomy_term/publishers/adc0f942-bafb-42b9-9bff-64ed1410f889
466,Twentieth Century Music Corporation,44c24960-c001-4852-8b54-288abad65761,https://levy-test.mse.jhu.edu/jsonapi/taxonomy_term/publishers/44c24960-c001-4852-8b54-288abad65761
467,United Artists Corporation,a1a8fbde-3811-4ae0-9f36-0eb84fd2de50,https://levy-test.mse.jhu.edu/jsonapi/taxonomy_term/publishers/a1a8fbde-3811-4ae0-9f36-0eb84fd2de50
468,Victoria Music Publishing Company Ltd.,477088a0-4eb0-4eda-a0f7-bd9c76d9387d,https://levy-test.mse.jhu.edu/jsonapi/taxonomy_term/publishers/477088a0-4eb0-4eda-a0f7-bd9c76d9387d
469,"Waterson, Berlin & Snyder Co. 112 W. 38Th St.",09c28e9b-993d-4f16-95dc-d1d6669a9a94,https://levy-test.mse.jhu.edu/jsonapi/taxonomy_term/publishers/09c28e9b-993d-4f16-95dc-d1d6669a9a94
470,"Waterson, Berlin & Snyder Co. Strand Theatre Bldg.",64784b23-68fc-4907-b82b-ef754bd286fd,https://levy-test.mse.jhu.edu/jsonapi/taxonomy_term/publishers/64784b23-68fc-4907-b82b-ef754bd286fd
471,"West'S Limited, London",ab733990-0112-48f4-9c6a-9bac39cd9afa,https://levy-test.mse.jhu.edu/jsonapi/taxonomy_term/publishers/ab733990-0112-48f4-9c6a-9bac39cd9afa
472,"Williamson Music, Inc. Rko Building New York",ed236be2-5e9a-4ec5-a09d-fcc36472b6f9,https://levy-test.mse.jhu.edu/jsonapi/taxonomy_term/publishers/ed236be2-5e9a-4ec5-a09d-fcc36472b6f9
473,Wm Jerome Pub. Corp.,7aba9ed5-6e29-4a88-9c35-057bb3e64cdf,https://levy-test.mse.jhu.edu/jsonapi/taxonomy_term/publishers/7aba9ed5-6e29-4a88-9c35-057bb3e64cdf
